PaymentID,InvoiceID,PaymentDate,PaymentAmount
1,1,2025-04-20,733.75
2,4,2025-07-19,4222.33
3,5,2025-12-02,2178.91
4,9,2025-02-23,2967.7
5,10,2024-11-17,1677.38
6,11,2025-07-14,6528.1
7,12,2025-01-24,969.19
8,13,2025-01-18,3128.58
9,15,2024-08-28,1691.73
10,19,2024-08-26,2563.25
11,21,2025-01-22,2234.14
12,25,2025-03-15,3215.65
13,26,2025-02-15,2376.83
14,27,2024-06-12,1197.1
15,28,2024-03-24,990.97
16,29,2025-01-23,2578.43
17,31,2024-06-13,1397.47
18,36,2025-07-16,1594.37
19,37,2024-05-05,5818.37
20,41,2025-01-27,4213.14
21,46,2026-02-13,9047.31
22,47,2024-11-09,3385.57
23,48,2025-04-15,2408.94
24,49,2024-05-29,4733.88
25,56,2024-06-21,1856.2
26,57,2025-04-26,2402.88
27,61,2024-05-30,1133.39
28,62,2025-08-19,2356.53
29,63,2025-08-01,722.6
30,64,2024-04-21,5572.79
31,65,2025-08-11,5288.87
32,66,2025-02-16,2721.09
33,69,2025-04-19,4953.46
34,70,2025-12-05,566.45
35,71,2025-01-07,6258.91
36,74,2024-08-25,2503.11
37,77,2024-09-13,3302.79
38,78,2024-05-18,1268.12
39,80,2025-07-28,3595.82
40,81,2024-07-28,2415.49
41,82,2024-05-03,1166.59
42,84,2025-09-07,2996.57
43,86,2025-04-06,4180.68
44,87,2024-09-12,736.93
45,88,2024-07-27,5838.83
46,89,2025-10-28,3757.16
47,90,2025-04-09,3189.44
48,91,2026-01-11,669.54
49,92,2025-03-09,2976.2
50,94,2024-04-03,1119.3
51,95,2026-02-23,2585.94
52,96,2025-09-30,6188.07
53,97,2024-05-11,1164.51
54,98,2025-03-22,2278.08
55,102,2024-03-29,1353.01
56,103,2025-03-19,3107.58
57,105,2025-07-05,1708.49
58,106,2024-04-16,4175.55
59,108,2025-12-17,3682.71
60,109,2025-07-09,654.57
61,110,2024-02-06,2685.86
62,113,2024-10-22,4813.29
63,114,2025-07-14,1708.33
64,118,2025-11-03,1672.42
65,119,2025-01-13,5256.29
66,121,2025-08-13,3360.83
67,123,2024-07-11,5351.27
68,124,2024-10-13,1943.75
69,126,2025-09-22,6827.62
70,128,2025-04-20,4213.14
71,129,2025-08-14,3244.91
72,130,2025-08-11,1933.28
73,131,2025-06-15,1870.09
74,132,2025-08-09,1369.24
75,136,2025-04-11,1226.04
76,137,2024-04-12,4458.37
77,138,2025-04-13,5804.86
78,140,2025-01-06,6238.9
79,142,2024-03-12,2834.99
80,144,2025-11-01,3015.85
81,147,2025-11-10,2699.68
82,148,2025-10-26,5051.18
83,150,2025-11-02,635.52
84,151,2025-05-19,2050.84
85,153,2024-03-08,2505.27
86,159,2024-03-15,2883.58
87,160,2025-06-01,5904.83
88,162,2026-02-09,3146.3
89,163,2024-08-25,2175.37
90,164,2024-07-17,2011.73
91,167,2025-01-22,1514.05
92,169,2024-11-23,1148.04
93,170,2025-08-12,3036.89
94,171,2024-08-07,3072.5
95,173,2025-06-21,7128.64
96,174,2025-02-06,5685.38
97,175,2026-01-02,570.06
98,177,2025-01-22,2534.09
99,179,2025-07-28,3182.46
100,181,2025-09-13,2632.7
101,183,2025-11-18,2961.5
102,185,2025-02-23,3078.97
103,188,2025-05-27,931.48
104,189,2025-06-01,2944.05
105,190,2025-09-12,1480.95
106,191,2024-02-20,1229.13
107,193,2025-08-16,1359.45
108,195,2025-10-02,10250.25
109,197,2025-09-15,2538.69
110,199,2024-10-23,3884.67
111,201,2025-02-11,2470.73
112,202,2024-11-03,3857.64
113,204,2024-05-15,5014.39
114,205,2026-02-06,3435.08
115,208,2024-12-03,4939.16
116,210,2024-06-26,2652.91
117,211,2025-05-24,1905.56
118,212,2025-06-07,2091.24
119,213,2025-04-30,2283.69
120,214,2024-12-16,1898.06
121,217,2025-09-02,2748.07
122,218,2025-04-13,5414.27
123,221,2024-06-14,566.54
124,225,2024-05-15,997.29
125,227,2025-01-09,1397.37
126,232,2025-12-10,1994.64
127,234,2026-02-26,1542.69
128,239,2025-11-03,5022.14
129,241,2025-07-14,1256.33
130,242,2024-06-30,1345.9
131,244,2025-11-30,7416.23
132,245,2025-02-28,4335.21
133,246,2025-12-17,3602.9
134,247,2024-10-26,2315.84
135,249,2024-08-20,2651.1
136,251,2024-09-10,861.77
137,253,2026-02-10,3065.84
138,255,2025-07-02,1888.48
139,256,2025-02-27,2958.12
140,259,2025-11-13,1777.44
141,260,2025-04-03,4119.44
142,261,2025-08-29,789.32
143,263,2025-05-14,3054.85
144,265,2026-03-05,3925.89
145,266,2025-01-26,2428.73
146,269,2025-02-03,956.69
147,272,2026-01-12,3493.11
148,273,2025-09-03,2962.8
149,275,2025-07-02,1578.91
150,276,2024-12-27,7254.82
151,277,2025-08-26,4385.48
152,279,2025-04-11,1880.11
153,282,2024-09-01,2516.63
154,284,2024-08-13,4478.03
155,290,2025-05-01,4599.08
156,293,2025-08-02,5690.23
157,294,2025-01-01,2964.88
158,296,2024-05-03,1835.52
159,297,2024-12-19,3637.17
160,298,2024-07-09,1712.6
161,299,2024-06-12,2667.71
162,301,2025-12-31,2171.36
163,302,2024-04-11,626.09
164,304,2025-04-09,701.97
165,307,2025-01-22,1713.84
166,308,2024-06-22,5868.96
167,311,2024-12-27,2118.36
168,314,2024-04-29,4302.54
169,317,2024-12-11,2147.92
170,318,2024-12-03,2168.43
171,321,2025-04-23,5412.34
172,322,2024-03-29,2100.21
173,323,2024-08-25,3330.06
174,324,2025-04-08,2375.54
175,326,2025-07-17,2853.98
176,327,2025-08-09,3484.05
177,328,2024-03-26,1344.86
178,331,2025-02-26,1611.66
179,335,2024-03-14,3476.96
180,338,2025-12-30,4810.22
181,341,2025-02-27,1274.87
182,342,2025-05-09,5608.33
183,343,2026-01-07,2165.07
184,344,2025-09-06,932.87
185,346,2024-10-13,919.45
186,347,2024-07-07,1676.38
187,348,2024-12-07,1570.57
188,349,2025-11-23,836.88
189,350,2024-04-06,642.08
190,355,2024-12-12,1482.68
191,356,2024-10-25,2135.07
192,357,2025-09-12,2930.88
193,358,2025-02-26,5915.28
194,359,2025-04-10,1222.06
195,360,2025-12-10,2223.06
196,361,2024-04-20,1675.86
197,362,2024-06-08,3206.74
198,363,2024-12-07,3015.91
199,364,2024-09-27,5830.55
200,366,2024-12-27,2672.36
201,367,2025-01-08,963.67
202,368,2025-09-18,1558.09
203,369,2024-08-24,1582.59
204,372,2025-12-19,3401.55
205,373,2024-12-12,4701.21
206,374,2024-07-28,8785.27
207,375,2024-02-14,1423.11
208,379,2025-04-26,1701.95
209,380,2025-04-14,1187.92
210,381,2024-09-20,3035.2
211,382,2026-02-17,706.34
212,383,2024-04-11,995.2
213,384,2024-08-05,2166.48
214,387,2024-04-23,3877.76
215,389,2024-04-13,990.64
216,390,2025-04-03,2731.08
217,392,2025-08-25,1775.16
218,395,2025-08-18,1323.79
219,396,2025-10-05,1371.25
220,401,2024-03-03,5252.11
221,403,2026-02-14,2204.46
222,407,2025-08-21,2105.06
223,410,2024-08-30,3603.96
224,411,2025-10-11,2696.53
225,412,2025-03-30,3133.2
226,416,2025-10-01,1726.07
227,417,2024-11-21,1939.6
228,419,2025-08-28,1513.54
229,421,2025-09-18,9099.82
230,423,2025-07-15,1031.57
231,425,2024-03-05,2304.09
232,428,2024-09-30,1209.69
233,430,2024-09-29,1010.72
234,431,2025-04-07,2529.83
235,433,2024-04-08,1588.2
236,436,2024-02-26,1670.14
237,437,2024-06-01,2656.94
238,438,2024-03-04,1483.34
239,440,2024-09-27,2940.04
240,441,2025-12-18,872.58
241,445,2025-02-04,4786.05
242,447,2024-09-24,5722.45
243,449,2025-02-02,1620.92
244,450,2025-02-11,4607.37
245,451,2024-04-03,3671.44
246,453,2024-11-09,1156.71
247,455,2024-11-21,2057.38
248,457,2025-02-21,3098.52
249,458,2025-05-22,5387.12
250,462,2025-07-20,4315.89
251,463,2025-11-26,3760.21
252,464,2025-02-26,9147.66
253,465,2024-07-28,4999.77
254,470,2025-11-26,3088.14
255,471,2025-11-06,827.84
256,472,2024-08-30,3122.57
257,473,2024-08-27,6109.27
258,474,2026-01-01,787.85
259,477,2025-09-13,377.9
260,478,2024-09-09,6843.28
261,479,2024-10-28,1486.4
262,480,2024-11-02,2933.22
263,481,2025-03-24,1385.52
264,482,2024-03-26,7468.24
265,483,2024-09-17,7558.91
266,485,2025-04-25,5675.4
267,486,2025-08-06,4659.25
268,487,2025-08-20,4000.36
269,488,2025-05-20,1376.83
270,490,2025-07-03,2949.96
271,492,2024-11-17,5198.96
272,495,2025-12-12,1028.31
273,496,2024-12-31,2912.56
274,497,2024-11-16,3616.8
275,499,2026-01-12,2551.7
276,501,2025-03-04,1205.16
277,505,2025-03-13,4570.59
278,506,2024-12-12,1423.7
279,508,2025-08-11,4495.01
280,510,2025-06-14,3621.95
281,511,2024-10-03,4270.42
282,514,2024-09-12,5247.7
283,516,2024-04-05,5202.4
284,518,2024-08-02,2004.09
285,519,2024-07-04,3449.86
286,520,2026-02-16,4545.81
287,521,2024-09-23,2636.9
288,522,2024-07-23,1514.44
289,523,2024-12-15,1617.77
290,524,2025-09-01,1428.42
291,526,2025-02-01,2179.24
292,527,2025-07-17,4492.63
293,528,2025-05-10,2464.92
294,530,2025-07-11,5201.87
295,531,2026-02-11,4585.13
296,532,2026-01-12,1589.38
297,533,2025-12-19,2721.71
298,534,2026-03-18,4415.91
299,538,2024-11-02,1133.48
300,539,2025-06-09,2461.85
301,542,2024-12-18,4758.73
302,543,2024-05-04,3764.11
303,545,2025-06-28,2909.06
304,550,2025-06-07,3690.23
305,551,2025-02-16,6624.37
306,554,2024-10-27,2557.5
307,557,2025-06-19,4462.65
308,559,2025-11-27,3617.48
309,560,2025-07-15,2930.28
310,561,2025-01-12,3393.14
311,562,2025-08-09,2196.71
312,563,2025-04-29,5086.71
313,569,2025-04-13,1272.99
314,572,2025-04-25,7385.98
315,573,2025-12-10,4284.4
316,579,2024-11-08,4730.95
317,580,2024-06-22,3589.35
318,581,2025-11-16,1607.35
319,582,2025-11-01,521.71
320,583,2024-07-04,6614.17
321,584,2024-10-02,5682.85
322,585,2025-01-13,2189.14
323,586,2024-03-13,1376.85
324,588,2025-08-21,6890.39
325,589,2025-07-22,1662.19
326,590,2025-01-27,2535.13
327,591,2024-06-15,823.06
328,592,2025-09-15,2455.95
329,593,2025-03-31,2091.18
330,594,2024-01-15,1484.87
331,595,2025-03-12,2327.28
332,596,2024-08-13,3975.24
333,597,2024-07-02,5001.34
334,599,2025-05-07,1538.71
335,600,2026-02-22,738.05
336,604,2024-03-25,2868.0
337,605,2025-09-22,2153.94
338,606,2024-01-24,1322.16
339,607,2024-10-01,2374.98
340,608,2025-12-08,2738.12
341,613,2024-02-28,1057.85
342,614,2024-09-26,2796.51
343,615,2025-02-20,1746.21
344,616,2025-08-04,2767.47
345,617,2025-08-21,4715.85
346,618,2024-06-26,3429.93
347,619,2024-11-01,4798.09
348,621,2024-03-23,2369.91
349,622,2024-12-29,4311.23
350,626,2024-10-27,4234.61
351,627,2025-09-17,1728.06
352,628,2024-06-17,2247.67
353,629,2025-10-27,1687.63
354,630,2025-08-04,2519.64
355,631,2025-05-07,1055.0
356,632,2025-12-12,1102.67
357,633,2024-09-01,2011.85
358,634,2025-06-10,2438.43
359,636,2025-08-07,718.43
360,637,2024-08-02,759.19
361,638,2024-05-28,6485.12
362,639,2025-05-18,3067.95
363,640,2025-06-21,947.72
364,641,2024-03-29,1351.81
365,642,2024-12-21,2308.09
366,644,2024-10-15,3150.35
367,645,2024-12-02,4534.36
368,651,2025-11-18,4467.4
369,652,2024-09-06,2576.28
370,653,2024-03-01,3352.6
371,654,2024-07-24,3901.73
372,655,2025-08-29,1517.81
373,656,2025-10-26,5330.55
374,659,2024-11-06,2255.32
375,660,2025-10-28,2954.64
376,662,2025-09-01,4658.47
377,667,2024-08-02,1623.55
378,668,2025-03-03,3439.98
379,669,2024-06-05,3271.5
380,670,2025-08-19,4985.36
381,673,2025-04-11,484.5
382,674,2024-03-07,2995.24
383,675,2024-07-05,668.75
384,677,2025-07-25,4357.59
385,678,2025-04-10,2272.44
386,679,2024-08-12,2707.31
387,683,2024-04-14,4240.78
388,684,2025-08-17,1046.35
389,685,2025-07-16,2717.0
390,686,2024-05-09,3238.24
391,688,2025-09-10,1643.36
392,690,2024-03-23,1359.35
393,692,2024-10-20,4869.77
394,693,2024-10-25,1595.02
395,694,2025-02-15,2485.93
396,698,2024-10-17,1145.86
397,700,2025-11-10,3389.15
398,702,2024-06-14,824.5
399,704,2025-10-21,1960.41
400,707,2025-07-07,6581.23
401,708,2025-01-23,4999.07
402,711,2025-10-15,817.97
403,713,2024-07-16,1067.49
404,716,2025-08-14,8041.22
405,717,2024-09-01,3001.11
406,719,2024-03-30,2954.55
407,721,2024-08-08,3078.06
408,722,2025-08-16,3972.61
409,724,2024-08-28,1495.87
410,726,2024-10-01,3668.76
411,728,2024-10-26,3245.56
412,730,2024-10-24,915.05
413,732,2024-12-18,2162.6
414,734,2024-07-10,1111.74
415,735,2025-05-05,2334.36
416,737,2025-10-07,3017.29
417,738,2025-12-27,1726.0
418,742,2025-06-30,2685.64
419,744,2026-02-21,2898.19
420,746,2025-06-07,2647.41
421,747,2025-02-25,3747.09
422,748,2025-07-31,1244.62
423,749,2024-03-21,4361.02
424,752,2024-08-27,3875.94
425,753,2024-12-16,940.59
426,754,2025-07-02,2337.64
427,757,2024-04-02,698.62
428,759,2024-11-11,671.82
429,760,2024-06-13,5324.86
430,761,2024-07-06,1687.89
431,765,2024-04-10,2279.57
432,766,2024-10-12,3695.8
433,768,2024-10-18,5973.67
434,769,2024-04-21,1947.63
435,773,2026-01-28,4065.7
436,775,2024-02-24,4139.8
437,779,2024-06-30,193.52
438,780,2025-07-29,1172.09
439,782,2024-04-16,5397.58
440,783,2025-05-03,4335.4
441,784,2025-02-16,4443.18
442,787,2025-09-18,591.53
443,789,2025-01-22,1718.37
444,790,2025-01-04,682.48
445,791,2024-10-23,4267.15
446,792,2025-01-13,2887.4
447,793,2025-05-10,2073.72
448,795,2025-09-10,4381.22
449,797,2025-11-14,3456.14
450,798,2026-02-18,4232.84
451,799,2025-06-30,1109.11
452,806,2024-03-08,5059.33
453,807,2025-03-01,4027.36
454,808,2026-01-30,1967.22
455,811,2025-02-28,555.34
456,812,2025-09-11,3390.68
457,813,2025-12-24,1639.36
458,814,2025-02-06,6358.97
459,815,2024-05-21,1084.45
460,816,2024-02-26,5450.76
461,817,2024-03-08,5115.28
462,820,2025-03-19,1249.31
463,821,2024-12-27,2213.9
464,822,2025-05-09,1285.32
465,823,2025-03-21,751.24
466,824,2024-05-27,1612.55
467,827,2025-04-09,1748.98
468,828,2024-08-28,2149.07
469,829,2025-07-14,4312.69
470,830,2025-10-22,1053.45
471,833,2025-10-15,3700.82
472,834,2025-03-31,3249.19
473,835,2025-12-14,2215.5
474,837,2025-06-12,5134.59
475,839,2025-04-12,2558.62
476,840,2024-05-26,2304.03
477,842,2025-06-10,669.45
478,846,2024-06-17,1561.06
479,849,2025-03-24,3586.26
480,850,2025-07-17,3526.01
481,853,2024-05-26,4993.07
482,854,2025-07-15,9409.42
483,856,2025-01-29,6104.43
484,858,2025-03-08,1467.31
485,859,2026-01-01,1974.39
486,860,2025-06-08,2520.61
487,861,2025-10-21,1822.62
488,863,2025-10-08,4260.86
489,864,2024-04-30,3248.09
490,865,2024-07-03,1115.68
491,866,2025-12-27,1397.58
492,868,2025-04-28,3691.41
493,870,2026-01-27,320.01
494,873,2024-01-30,3414.87
495,874,2024-08-26,3825.97
496,880,2025-03-09,950.39
497,882,2025-08-03,1724.56
498,883,2025-05-25,684.28
499,885,2025-01-14,2605.97
500,886,2024-08-16,3070.68
501,887,2025-01-31,1293.46
502,889,2025-05-13,927.17
503,890,2024-08-16,2520.11
504,891,2025-08-29,1469.32
505,893,2024-11-16,2840.24
506,895,2024-09-29,6032.62
507,899,2025-09-21,4640.7
508,900,2024-10-08,2272.24
509,901,2024-06-01,1595.55
510,902,2025-05-16,1123.01
511,903,2024-11-17,1563.35
512,904,2024-03-06,7118.27
513,907,2024-03-18,8392.01
514,912,2024-07-22,3280.88
515,914,2025-03-20,7480.06
516,915,2024-08-24,5094.59
517,918,2024-08-09,851.22
518,920,2024-12-31,5090.19
519,925,2024-02-12,3851.21
520,929,2025-06-14,3568.47
521,933,2025-02-22,2827.79
522,935,2025-12-31,3198.51
523,936,2024-07-26,5390.18
524,939,2025-06-12,3878.53
525,940,2024-08-09,4708.77
526,941,2024-08-28,3228.71
527,946,2024-09-18,5118.21
528,947,2024-10-14,3695.99
529,949,2025-10-23,5265.72
530,950,2025-08-02,5102.94
531,951,2025-10-04,5005.83
532,952,2025-02-18,998.59
533,957,2025-11-04,12625.48
534,958,2025-10-16,2876.15
535,961,2025-08-28,2345.59
536,963,2024-07-24,2042.83
537,965,2024-12-02,2734.33
538,968,2024-12-20,1600.28
539,970,2024-05-15,603.38
540,972,2025-05-23,1982.64
541,977,2025-01-07,2343.77
542,978,2026-01-11,1036.71
543,981,2024-07-04,1964.6
544,982,2025-10-06,3679.32
545,983,2024-08-13,6709.69
546,986,2025-08-17,6916.28
547,987,2024-05-12,2470.2
548,988,2025-04-15,2146.79
549,990,2024-12-07,3090.69
550,996,2026-01-02,2721.05
551,997,2025-05-17,3468.08
552,998,2025-08-15,2810.65
553,999,2025-05-19,1374.94
554,1002,2025-04-08,3159.04
555,1003,2024-11-09,3320.68
556,1005,2024-07-23,2164.59
557,1006,2025-05-26,1604.63
558,1007,2025-07-07,1508.42
559,1008,2024-08-29,2521.77
560,1012,2026-03-10,360.38
561,1014,2025-07-25,6991.16
562,1015,2025-10-09,1717.77
563,1016,2024-03-18,3226.54
564,1019,2025-01-10,4008.54
565,1023,2025-02-22,2765.46
566,1024,2025-11-14,3071.48
567,1026,2025-09-12,1875.51
568,1027,2024-06-16,4474.69
569,1032,2024-10-21,2277.81
570,1033,2024-11-05,2753.43
571,1035,2024-11-07,4324.11
572,1036,2025-02-27,3891.69
573,1038,2024-06-24,2151.4
574,1041,2025-01-15,489.61
575,1042,2026-01-12,2490.88
576,1044,2025-11-25,2823.08
577,1045,2025-05-13,1194.32
578,1046,2025-04-24,7641.25
579,1048,2025-09-24,3514.58
580,1051,2025-03-30,1575.05
581,1053,2025-08-20,3770.01
582,1055,2025-06-10,3480.02
583,1056,2024-09-21,732.86
584,1057,2025-03-10,2208.32
585,1058,2025-07-14,3434.96
586,1060,2025-06-02,1122.82
587,1063,2024-05-18,912.22
588,1065,2025-01-10,2283.8
589,1068,2024-10-13,6986.95
590,1069,2024-08-23,3584.95
591,1070,2024-03-27,2930.76
592,1071,2024-04-10,3559.47
593,1072,2025-11-17,3379.41
594,1074,2024-08-15,1131.7
595,1075,2025-09-03,548.61
596,1078,2025-04-15,2879.92
597,1081,2025-03-15,2173.63
598,1082,2024-07-09,6139.42
599,1083,2024-04-15,1728.84
600,1084,2025-02-26,2107.43
601,1085,2026-03-12,3114.69
602,1087,2024-02-03,2241.0
603,1090,2024-04-29,6275.66
604,1093,2024-10-30,1848.92
605,1095,2024-11-28,5033.46
606,1096,2025-04-26,1530.48
607,1106,2025-11-22,1578.56
608,1108,2025-08-28,582.54
609,1109,2024-07-27,3249.94
610,1113,2025-03-05,1746.18
611,1114,2024-06-13,3989.37
612,1115,2024-10-07,1457.23
613,1116,2025-12-03,3979.44
614,1117,2025-06-12,1669.1
615,1118,2025-06-20,3491.29
616,1119,2025-10-15,1970.28
617,1125,2024-11-20,1097.17
618,1126,2024-09-24,2058.39
619,1127,2025-03-12,4517.72
620,1128,2024-12-30,7355.69
621,1129,2025-01-01,721.9
622,1131,2025-04-09,2940.99
623,1133,2024-06-12,1254.56
624,1135,2025-09-04,4536.75
625,1136,2025-05-15,3481.24
626,1137,2025-06-24,4127.84
627,1139,2024-11-05,1151.23
628,1142,2025-10-18,1216.32
629,1143,2024-06-04,4233.85
630,1146,2025-04-29,7648.51
631,1147,2025-06-27,2940.1
632,1149,2025-10-29,626.08
633,1150,2025-07-17,4954.28
634,1152,2024-10-17,505.37
635,1156,2025-10-23,6051.77
636,1159,2024-03-29,3030.62
637,1160,2024-06-26,3917.27
638,1164,2024-11-30,3706.59
639,1169,2024-06-02,997.64
640,1170,2025-05-15,1125.6
641,1171,2025-01-15,3245.02
642,1172,2024-02-19,1270.26
643,1173,2024-05-14,3657.47
644,1177,2025-06-03,2505.94
645,1181,2025-02-13,2595.76
646,1182,2025-07-18,1691.86
647,1183,2024-09-24,6540.58
648,1186,2025-10-05,7238.8
649,1187,2024-04-28,1175.8
650,1188,2025-11-27,5433.96
651,1191,2024-06-04,1685.84
652,1192,2025-10-16,2318.27
653,1194,2025-08-30,613.35
654,1197,2025-10-23,3373.48
655,1198,2024-07-16,2838.45
656,1199,2025-06-22,616.52
657,1200,2024-07-13,1178.24
658,1201,2025-09-02,8605.67
659,1204,2024-02-27,2740.49
660,1205,2025-11-25,2471.51
661,1208,2025-04-04,6216.98
662,1212,2025-04-21,201.8
663,1213,2026-03-08,1580.76
664,1217,2025-05-18,3427.06
665,1218,2024-05-09,3410.87
666,1219,2025-05-17,3466.18
667,1221,2024-01-29,9033.82
668,1223,2025-04-24,2865.61
669,1224,2024-06-22,1659.11
670,1226,2024-04-02,1421.59
671,1227,2024-08-05,2380.97
672,1230,2024-10-16,1030.99
673,1236,2025-05-17,2232.59
674,1237,2025-02-08,1528.01
675,1240,2025-10-26,372.3
676,1243,2024-03-13,6347.65
677,1245,2025-06-15,3578.64
678,1247,2025-09-15,2289.72
679,1249,2025-10-24,2680.7
680,1251,2024-03-31,3587.48
681,1252,2024-12-13,1766.78
682,1255,2026-01-20,5578.2
683,1258,2024-02-28,5842.54
684,1259,2024-09-27,1033.77
685,1260,2025-10-15,1022.79
686,1262,2024-10-09,5361.16
687,1263,2024-11-28,1646.08
688,1264,2025-02-17,3941.59
689,1265,2024-12-15,4354.08
690,1266,2024-02-17,7284.88
691,1267,2025-12-09,768.58
692,1268,2024-05-10,4780.44
693,1270,2026-01-31,1322.13
694,1271,2025-05-15,2492.29
695,1274,2025-12-15,5500.9
696,1275,2025-10-17,3355.0
697,1277,2025-05-02,1439.32
698,1280,2024-05-27,756.96
699,1284,2025-08-23,2414.95
700,1287,2025-06-30,2008.71
701,1288,2024-06-04,1849.59
702,1290,2025-07-14,4264.36
703,1292,2024-08-21,3719.23
704,1293,2025-04-20,2945.53
705,1294,2025-07-14,2435.26
706,1295,2025-03-28,3408.16
707,1296,2025-02-09,2639.42
708,1297,2025-11-12,779.07
709,1302,2025-11-14,742.28
710,1304,2024-10-08,4770.66
711,1307,2025-11-19,3421.47
712,1310,2024-04-08,2378.9
713,1312,2024-11-21,4326.24
714,1313,2025-04-23,1917.4
715,1315,2025-11-28,2003.52
716,1318,2025-07-16,2764.26
717,1320,2025-01-28,1686.82
718,1321,2025-05-27,3196.44
719,1322,2025-03-24,3292.06
720,1324,2025-04-07,2730.58
721,1327,2025-06-21,1512.39
722,1328,2024-10-08,2493.88
723,1329,2025-04-09,3011.16
724,1332,2025-10-06,2998.22
725,1333,2026-01-02,1728.58
726,1334,2024-06-20,3609.39
727,1335,2025-05-11,1834.26
728,1336,2025-12-06,2751.81
729,1338,2024-07-01,2390.31
730,1341,2025-05-15,1208.59
731,1342,2024-04-30,2292.4
732,1345,2026-03-04,5500.18
733,1346,2024-08-05,1885.92
734,1350,2024-10-31,2631.24
735,1352,2024-11-01,1740.53
736,1354,2024-04-02,1475.72
737,1356,2024-06-30,977.79
738,1357,2024-02-05,2343.42
739,1358,2025-07-27,2064.58
740,1363,2025-01-18,3081.28
741,1365,2024-09-07,2320.39
742,1366,2025-04-24,2992.91
743,1368,2024-11-10,2891.96
744,1371,2024-09-06,944.98
745,1375,2024-08-17,1745.35
746,1379,2025-12-31,4438.69
747,1380,2025-05-28,826.68
748,1381,2024-07-06,5698.54
749,1382,2025-08-23,2139.03
750,1383,2024-06-17,2048.73
751,1387,2025-04-06,4287.21
752,1388,2024-06-22,2860.5
753,1393,2024-09-18,2240.87
754,1394,2024-03-28,4805.54
755,1396,2024-08-10,2188.85
756,1399,2024-08-07,6281.46
757,1400,2024-09-12,4147.78
758,1403,2025-07-13,4025.89
759,1404,2025-07-28,3770.75
760,1407,2024-05-24,6802.87
761,1408,2025-09-17,1265.19
762,1410,2024-03-06,1503.66
763,1411,2024-12-12,749.32
764,1412,2025-12-26,2441.12
765,1413,2025-04-07,4663.86
766,1414,2024-10-25,2496.46
767,1418,2024-12-16,3505.45
768,1419,2025-04-28,4503.82
769,1420,2024-07-06,4188.78
770,1421,2024-07-15,2030.32
771,1422,2025-09-09,1460.19
772,1425,2024-10-08,2136.13
773,1426,2024-12-12,931.97
774,1427,2025-03-04,1703.32
775,1429,2024-10-21,1509.97
776,1430,2024-06-23,7572.68
777,1431,2025-03-14,1666.84
778,1432,2024-12-06,3295.58
779,1435,2024-05-15,3600.63
780,1436,2024-05-23,6085.87
781,1437,2025-06-05,13087.42
782,1439,2025-05-13,7692.2
783,1440,2024-09-18,1457.73
784,1442,2025-08-20,2650.59
785,1444,2024-08-17,3290.47
786,1445,2025-07-29,855.86
787,1447,2026-01-10,1829.39
788,1451,2025-04-20,2462.82
789,1453,2024-08-31,8624.83
790,1457,2024-03-22,6569.05
791,1458,2026-01-27,4289.79
792,1460,2025-03-11,4682.43
793,1464,2025-03-20,5848.43
794,1465,2025-01-06,650.82
795,1466,2024-04-26,3009.85
796,1467,2024-04-29,1192.68
797,1468,2024-10-03,3067.64
798,1471,2024-02-21,5142.99
799,1472,2025-08-11,3726.94
800,1474,2025-08-27,2120.6
801,1477,2024-10-05,1806.09
802,1479,2024-10-08,4187.5
803,1481,2025-09-20,3409.15
804,1483,2025-12-02,4211.65
805,1484,2025-10-06,2324.95
806,1485,2025-01-20,1645.07
807,1488,2026-02-10,1579.1
808,1489,2025-12-26,1106.45
809,1490,2025-11-20,1379.9
810,1492,2024-08-18,1043.79
811,1494,2024-08-22,6854.25
812,1495,2025-11-18,4796.6
813,1497,2024-10-29,2777.89
814,1498,2024-10-25,3079.35
815,1499,2024-08-10,3550.82
816,1501,2025-01-04,2494.76
817,1504,2024-09-11,1844.61
818,1505,2025-07-28,2153.76
819,1508,2025-12-21,1534.27
820,1509,2026-01-23,2302.36
821,1513,2024-12-07,4749.72
822,1514,2025-11-21,2431.0
823,1515,2025-11-30,1092.93
824,1516,2026-03-06,2327.64
825,1519,2025-09-02,4125.38
826,1520,2025-08-23,1997.79
827,1522,2025-08-06,1235.72
828,1523,2025-06-25,3573.97
829,1524,2025-08-25,114.91
830,1527,2025-10-25,2681.18
831,1528,2024-04-09,3716.17
832,1529,2025-07-01,3216.25
833,1532,2025-08-09,5286.65
834,1533,2024-07-07,3119.78
835,1535,2024-06-19,701.06
836,1536,2024-09-19,1023.57
837,1538,2024-04-05,4515.45
838,1541,2024-03-15,2987.95
839,1542,2024-10-23,1109.19
840,1545,2026-01-15,4185.55
841,1546,2025-06-14,2117.95
842,1548,2024-11-24,4611.43
843,1549,2026-02-12,862.86
844,1550,2024-05-28,1121.13
845,1551,2025-03-22,2481.52
846,1562,2025-08-30,856.91
847,1563,2025-08-18,1638.38
848,1564,2026-01-05,4119.04
849,1565,2025-11-13,3575.37
850,1566,2025-07-18,3337.79
851,1567,2024-12-03,2882.55
852,1568,2024-02-22,2049.69
853,1569,2025-02-18,1472.31
854,1570,2024-06-01,4893.65
855,1572,2024-05-13,1048.21
856,1573,2024-10-25,631.23
857,1576,2024-03-03,4863.57
858,1577,2025-12-20,1267.55
859,1578,2024-03-16,1729.96
860,1579,2024-10-14,3381.33
861,1580,2025-12-08,4080.55
862,1581,2025-03-22,3181.66
863,1582,2024-04-13,1398.51
864,1584,2024-06-18,2657.66
865,1585,2025-09-18,1108.69
866,1587,2025-06-02,257.93
867,1591,2024-10-27,1566.42
868,1592,2025-11-17,801.63
869,1593,2025-01-14,3216.01
870,1596,2025-09-27,1241.69
871,1599,2024-09-23,2385.11
872,1600,2025-09-15,4401.12
873,1601,2026-02-10,1589.13
874,1602,2025-03-09,2493.6
875,1604,2025-11-19,452.97
876,1605,2025-05-19,5847.4
877,1606,2025-12-31,1114.77
878,1607,2024-12-02,3269.28
879,1609,2025-08-26,552.24
880,1614,2024-02-17,3996.11
881,1615,2025-11-09,1336.76
882,1619,2025-10-13,1044.91
883,1620,2025-03-09,884.58
884,1621,2024-10-05,5315.29
885,1622,2024-05-03,7425.66
886,1623,2025-08-26,4409.14
887,1625,2025-11-23,3213.66
888,1627,2024-11-21,1867.52
889,1630,2025-01-31,3138.21
890,1632,2026-02-09,1706.96
891,1633,2024-11-07,1691.78
892,1634,2024-08-10,1871.11
893,1635,2025-12-11,1009.66
894,1639,2025-05-07,1496.31
895,1644,2025-08-16,5777.76
896,1645,2024-09-13,947.94
897,1651,2025-03-24,2851.81
898,1652,2024-04-15,590.05
899,1655,2025-01-22,5918.88
900,1656,2024-05-06,4382.24
901,1658,2025-11-05,3289.47
902,1662,2024-12-05,977.11
903,1666,2024-02-12,7323.66
904,1667,2025-10-05,2987.83
905,1668,2025-01-12,1219.87
906,1669,2024-05-15,4853.94
907,1671,2025-01-18,3688.11
908,1672,2025-04-03,341.33
909,1673,2024-02-08,3418.44
910,1674,2024-04-04,5668.81
911,1677,2024-05-02,4010.54
912,1680,2024-08-03,1795.92
913,1681,2024-05-27,5195.09
914,1684,2025-05-11,3902.0
915,1687,2025-05-03,7782.83
916,1688,2024-06-26,2587.44
917,1690,2024-10-06,7073.03
918,1691,2024-08-10,1969.1
919,1693,2024-07-29,2306.67
920,1695,2024-05-06,2826.26
921,1696,2024-05-02,1560.0
922,1697,2025-03-04,4013.39
923,1699,2025-09-18,174.24
924,1702,2025-12-31,4616.24
925,1704,2024-11-27,1028.69
926,1705,2026-01-07,1440.92
927,1706,2025-06-01,1581.51
928,1708,2025-03-15,938.78
929,1711,2025-04-02,1801.18
930,1712,2025-03-24,5595.45
931,1713,2025-05-16,1644.15
932,1717,2025-12-10,3692.28
933,1718,2024-06-18,2829.74
934,1720,2024-12-18,2667.03
935,1723,2025-04-30,8400.55
936,1724,2024-08-17,2447.43
937,1726,2025-11-16,1116.77
938,1727,2025-04-29,3284.43
939,1729,2025-07-08,1645.69
940,1730,2025-04-26,1738.97
941,1731,2025-12-20,3335.07
942,1732,2025-07-28,3775.53
943,1733,2024-11-14,1999.35
944,1734,2024-10-30,5302.94
945,1735,2025-09-05,1690.92
946,1736,2024-08-22,3089.15
947,1737,2026-01-25,4858.45
948,1739,2025-11-22,3097.65
949,1741,2024-02-28,3891.88
950,1742,2025-03-03,5372.64
951,1743,2025-01-31,2540.81
952,1744,2025-03-05,744.49
953,1746,2024-07-03,1329.7
954,1747,2024-10-15,1784.59
955,1748,2024-06-11,8544.99
956,1749,2025-12-04,832.01
957,1751,2025-11-05,6023.8
958,1752,2025-06-01,1927.27
959,1753,2024-10-18,3181.54
960,1757,2025-04-17,2490.9
961,1758,2025-08-30,3049.82
962,1761,2024-08-16,3782.72
963,1762,2025-06-28,3855.49
964,1766,2025-05-21,2357.74
965,1767,2024-05-05,1728.5
966,1772,2024-03-24,4661.83
967,1773,2025-10-02,1565.5
968,1776,2025-04-14,1782.48
969,1777,2024-07-25,963.05
970,1780,2024-03-25,4711.57
971,1783,2025-12-29,1461.15
972,1788,2024-12-14,1080.98
973,1789,2024-08-28,1174.72
974,1790,2025-12-08,1994.84
975,1792,2024-11-13,1399.77
976,1797,2026-01-01,6784.99
977,1798,2024-08-18,3177.29
978,1801,2025-08-16,5057.67
979,1804,2024-09-09,5433.93
980,1805,2024-06-21,3781.38
981,1806,2024-12-27,2253.44
982,1808,2025-05-27,883.3
983,1809,2025-01-04,4259.75
984,1810,2025-06-23,4716.15
985,1811,2025-03-01,2510.05
986,1812,2025-05-19,3593.72
987,1813,2024-10-01,1605.28
988,1814,2024-05-10,2205.48
989,1815,2024-04-30,6343.01
990,1816,2024-11-18,2459.46
991,1817,2024-08-21,5874.02
992,1818,2025-06-21,2810.0
993,1819,2026-01-08,3140.15
994,1821,2025-07-24,2955.25
995,1824,2025-09-17,3735.11
996,1825,2025-12-02,4069.91
997,1827,2024-11-23,543.18
998,1830,2024-11-13,2357.94
999,1831,2024-09-19,2615.55
1000,1834,2025-11-10,678.51
1001,1835,2024-03-19,2245.91
1002,1836,2025-08-01,2624.78
1003,1839,2025-08-12,4539.56
1004,1840,2025-04-23,4578.27
1005,1843,2025-06-25,1784.81
1006,1844,2025-10-11,1594.4
1007,1846,2025-09-26,2066.04
1008,1849,2025-06-03,1970.84
1009,1853,2024-07-16,655.81
1010,1855,2026-01-11,3928.39
1011,1857,2024-08-22,8179.16
1012,1860,2025-01-16,2935.94
1013,1861,2024-07-05,834.9
1014,1862,2025-10-13,6921.05
1015,1863,2025-09-24,1467.06
1016,1867,2024-12-21,1127.24
1017,1869,2024-03-09,2530.17
1018,1870,2025-10-31,824.77
1019,1873,2025-03-14,2170.98
1020,1877,2025-05-22,3448.68
1021,1878,2025-10-29,4393.49
1022,1879,2025-08-29,687.01
1023,1886,2024-04-15,2244.21
1024,1887,2024-11-14,3626.72
1025,1889,2024-09-06,2850.24
1026,1890,2025-01-15,11911.15
1027,1891,2025-11-30,2440.93
1028,1893,2024-08-10,1467.96
1029,1894,2026-01-29,1073.11
1030,1895,2025-07-23,3696.81
1031,1897,2026-01-28,3005.67
1032,1898,2025-08-08,1888.64
1033,1899,2025-04-13,2001.25
1034,1901,2025-05-13,3710.99
1035,1903,2025-08-12,1373.17
1036,1904,2026-01-10,4601.76
1037,1907,2025-11-25,2793.93
1038,1908,2024-07-30,1122.36
1039,1909,2024-10-17,3148.55
1040,1910,2024-07-20,1803.33
1041,1911,2025-11-30,2222.71
1042,1913,2024-07-08,3810.82
1043,1915,2024-05-18,3182.53
1044,1916,2024-12-25,8231.36
1045,1917,2025-01-08,2423.97
1046,1921,2025-05-26,1239.98
1047,1922,2024-02-22,1760.0
1048,1923,2025-04-09,1937.35
1049,1924,2025-01-07,1501.3
1050,1925,2025-11-16,3111.49
1051,1929,2025-08-12,882.23
1052,1932,2026-02-01,4243.66
1053,1935,2025-05-12,6635.62
1054,1936,2025-08-04,3405.83
1055,1937,2026-02-09,6488.11
1056,1941,2024-02-28,4428.81
1057,1942,2024-10-25,3705.5
1058,1944,2024-08-16,1226.06
1059,1947,2025-05-21,740.86
1060,1948,2024-03-19,2229.58
1061,1952,2024-05-11,574.06
1062,1953,2025-11-16,3079.24
1063,1959,2025-09-26,603.59
1064,1961,2024-06-18,2144.18
1065,1963,2024-08-29,2907.36
1066,1964,2025-03-01,5240.7
1067,1967,2025-12-26,2674.49
1068,1968,2024-12-08,3908.38
1069,1969,2024-03-23,4295.04
1070,1974,2024-12-31,1734.85
1071,1976,2025-01-17,2641.19
1072,1979,2025-01-20,2785.95
1073,1980,2024-04-13,2872.81
1074,1985,2024-05-26,1367.28
1075,1986,2026-03-05,2611.1
1076,1987,2025-05-23,1776.45
1077,1990,2026-01-23,438.58
1078,1992,2025-08-14,1013.21
1079,1994,2025-12-20,2564.66
1080,1995,2025-12-02,1566.71
1081,1997,2025-05-06,4014.26
1082,2002,2025-07-12,7140.69
1083,2003,2026-02-14,1895.03
1084,2004,2024-06-23,2800.82
1085,2006,2025-09-16,2139.97
1086,2007,2024-09-02,5040.17
1087,2009,2024-03-06,2064.61
1088,2012,2024-07-22,6695.02
1089,2014,2024-05-03,3479.92
1090,2016,2024-10-11,3432.37
1091,2017,2024-06-23,1986.72
1092,2018,2024-03-26,8286.46
1093,2022,2024-12-21,843.16
1094,2025,2025-06-28,1445.9
1095,2028,2025-09-11,1567.72
1096,2030,2024-07-04,1589.39
1097,2031,2025-05-13,1449.75
1098,2032,2024-09-26,1980.15
1099,2033,2024-03-23,3679.09
1100,2035,2025-05-17,5641.38
1101,2036,2025-11-08,3458.32
1102,2037,2024-07-30,1291.15
1103,2038,2025-01-24,1799.03
1104,2039,2025-05-05,4113.19
1105,2041,2024-09-03,1021.61
1106,2043,2024-09-23,2536.89
1107,2048,2025-05-27,987.92
1108,2049,2024-05-26,2584.86
1109,2050,2025-11-01,2612.32
1110,2051,2026-01-12,1424.14
1111,2052,2024-04-02,1381.14
1112,2053,2025-06-01,5396.42
1113,2055,2024-09-21,4659.93
1114,2060,2024-09-02,6639.01
1115,2061,2025-04-23,1653.81
1116,2063,2024-09-04,1934.58
1117,2065,2025-03-23,4717.54
1118,2066,2025-09-01,2452.97
1119,2067,2025-12-10,2919.24
1120,2068,2025-04-16,3838.3
1121,2071,2026-01-18,1854.94
1122,2072,2025-01-06,2110.78
1123,2074,2024-08-06,2075.51
1124,2075,2024-08-21,3681.62
1125,2076,2025-05-03,6570.74
1126,2077,2025-03-15,3727.08
1127,2078,2025-10-08,617.15
1128,2079,2025-07-23,2112.19
1129,2082,2024-03-22,683.52
1130,2084,2024-02-27,2899.49
1131,2085,2024-12-04,4151.51
1132,2090,2024-05-09,2685.39
1133,2092,2024-08-25,1816.28
1134,2093,2025-11-01,3230.9
1135,2097,2025-10-20,2418.96
1136,2098,2025-03-18,3839.56
1137,2100,2025-05-30,381.98
1138,2106,2024-10-31,478.0
1139,2109,2024-10-14,1886.3
1140,2114,2025-06-24,5976.67
1141,2115,2024-12-05,2636.23
1142,2117,2025-07-06,1979.18
1143,2119,2024-07-02,2520.88
1144,2120,2024-03-30,973.51
1145,2122,2025-03-09,2057.41
1146,2123,2025-08-16,2652.33
1147,2126,2026-03-02,2076.49
1148,2128,2025-09-04,2320.55
1149,2130,2026-02-22,910.91
1150,2131,2024-11-18,974.03
1151,2132,2025-01-17,1568.67
1152,2133,2025-07-28,2363.65
1153,2134,2024-05-07,3790.17
1154,2137,2024-07-01,12810.5
1155,2139,2024-12-26,3157.13
1156,2141,2024-03-12,284.31
1157,2143,2025-09-26,5076.05
1158,2147,2025-12-14,2660.02
1159,2150,2025-05-15,622.08
1160,2153,2025-09-01,2939.33
1161,2155,2025-03-05,3285.72
1162,2158,2024-10-02,1209.43
1163,2159,2025-09-08,3838.51
1164,2160,2025-05-27,1226.23
1165,2161,2025-10-02,2103.78
1166,2162,2024-06-23,1636.54
1167,2166,2025-04-29,1975.25
1168,2167,2025-10-10,5553.4
1169,2169,2024-02-21,246.0
1170,2171,2024-11-14,765.03
1171,2172,2025-03-10,6813.6
1172,2173,2025-07-29,2218.15
1173,2174,2025-03-18,4079.64
1174,2176,2025-11-23,5016.4
1175,2178,2024-03-09,431.15
1176,2179,2026-02-15,1580.83
1177,2180,2024-03-17,1445.45
1178,2184,2024-11-19,1957.71
1179,2186,2024-11-15,2898.8
1180,2187,2024-07-16,1138.59
1181,2188,2026-02-10,3074.38
1182,2189,2025-03-29,1315.35
1183,2190,2025-08-20,2331.04
1184,2191,2024-03-21,1763.39
1185,2192,2024-03-22,5810.36
1186,2195,2024-06-26,1950.05
1187,2197,2024-11-10,593.45
1188,2199,2025-10-27,1774.87
1189,2201,2025-07-09,1685.13
1190,2203,2024-05-11,4272.69
1191,2207,2026-01-06,1002.72
1192,2208,2025-02-23,2770.11
1193,2209,2025-03-24,1165.43
1194,2212,2025-11-18,4635.57
1195,2213,2025-01-28,982.68
1196,2214,2025-06-21,1176.88
1197,2215,2024-09-03,3718.41
1198,2216,2024-05-03,799.47
1199,2219,2024-10-15,2280.71
1200,2221,2024-08-29,3178.01
1201,2224,2024-05-24,743.55
1202,2225,2024-09-29,650.09
1203,2229,2024-12-16,4334.59
1204,2230,2025-04-13,4327.33
1205,2231,2024-10-17,2798.38
1206,2232,2025-05-23,1931.61
1207,2233,2025-12-01,5870.1
1208,2234,2025-07-07,4849.98
1209,2235,2024-09-17,2733.84
1210,2237,2025-04-28,2688.11
1211,2238,2025-04-15,4096.25
1212,2241,2024-04-30,3756.92
1213,2242,2024-03-10,742.0
1214,2243,2025-09-18,1317.4
1215,2244,2025-05-30,1891.33
1216,2245,2024-12-09,2356.07
1217,2248,2025-12-19,2367.88
1218,2254,2025-04-13,4057.59
1219,2255,2024-12-05,3023.86
1220,2256,2024-04-28,3608.83
1221,2260,2025-03-12,722.09
1222,2262,2025-09-20,3504.98
1223,2263,2025-08-31,973.99
1224,2265,2024-06-19,4350.68
1225,2266,2025-10-03,1199.39
1226,2267,2025-06-26,4370.75
1227,2268,2024-04-03,2650.6
1228,2270,2025-06-27,2350.65
1229,2271,2025-03-19,765.94
1230,2274,2025-07-14,1345.32
1231,2277,2025-10-23,2329.9
1232,2279,2025-11-24,2861.66
1233,2280,2025-08-03,4463.23
1234,2281,2024-08-10,5166.89
1235,2284,2025-10-23,895.5
1236,2286,2024-11-02,4476.38
1237,2287,2024-05-29,2493.57
1238,2288,2024-05-15,1488.96
1239,2289,2025-02-24,5020.47
1240,2290,2025-10-10,1124.52
1241,2295,2026-02-20,9112.97
1242,2299,2024-03-16,1845.82
1243,2300,2025-06-07,909.38
1244,2302,2025-12-13,5848.61
1245,2305,2026-01-01,3149.03
1246,2306,2024-08-31,2009.22
1247,2309,2025-10-25,2235.99
1248,2311,2025-05-08,1671.2
1249,2312,2024-04-16,3582.11
1250,2313,2025-06-15,1717.95
1251,2314,2025-09-16,2017.78
1252,2317,2024-08-21,5990.17
1253,2319,2025-06-05,1677.16
1254,2321,2024-03-18,2011.05
1255,2323,2025-07-21,4561.93
1256,2325,2026-01-04,995.61
1257,2326,2024-12-09,2701.52
1258,2328,2025-09-27,1656.46
1259,2331,2025-09-12,1279.92
1260,2332,2024-02-05,1067.29
1261,2334,2025-02-15,5143.86
1262,2336,2025-02-17,4426.49
1263,2337,2025-11-08,967.57
1264,2338,2025-07-29,3828.23
1265,2340,2025-03-18,2417.07
1266,2346,2025-10-06,1890.8
1267,2349,2025-04-22,2354.41
1268,2350,2026-01-02,2319.17
1269,2351,2024-10-28,1033.06
1270,2352,2024-09-06,1523.12
1271,2353,2024-03-30,386.26
1272,2354,2026-03-01,2206.17
1273,2356,2025-05-16,5135.77
1274,2359,2025-12-12,5119.43
1275,2365,2025-10-28,3456.04
1276,2366,2025-01-26,5544.31
1277,2367,2026-01-09,2593.29
1278,2369,2024-07-29,1285.34
1279,2370,2025-01-04,1335.99
1280,2373,2024-07-02,1541.86
1281,2374,2024-11-03,2340.16
1282,2377,2024-10-28,5809.95
1283,2378,2025-10-31,2209.62
1284,2380,2025-09-12,3747.75
1285,2382,2024-04-18,2236.66
1286,2385,2025-07-23,7354.66
1287,2388,2026-01-05,1898.1
1288,2390,2024-06-22,649.55
1289,2391,2024-06-05,1161.25
1290,2395,2025-09-23,1069.69
1291,2397,2024-07-29,2039.89
1292,2398,2024-09-30,11635.41
1293,2400,2024-06-11,2129.48
1294,2401,2025-11-11,4170.74
1295,2402,2024-05-24,801.1
1296,2404,2025-05-10,7324.82
1297,2405,2024-05-12,3438.66
1298,2408,2024-12-20,941.22
1299,2411,2024-09-09,982.61
1300,2413,2024-07-18,2865.43
1301,2414,2025-06-30,1544.56
1302,2416,2024-07-21,2469.89
1303,2418,2024-05-30,3132.7
1304,2419,2024-04-19,3762.51
1305,2423,2024-10-21,1790.07
1306,2424,2024-06-22,1179.04
1307,2425,2025-12-10,2748.36
1308,2426,2025-10-19,2000.69
1309,2427,2025-06-01,2571.45
1310,2428,2024-02-09,5225.43
1311,2429,2024-06-14,2413.63
1312,2430,2025-10-04,5100.6
1313,2431,2024-11-17,2273.29
1314,2432,2025-05-09,6161.79
1315,2433,2025-09-30,3005.14
1316,2434,2025-12-18,5605.7
1317,2436,2025-07-08,1855.37
1318,2437,2024-11-10,1666.49
1319,2439,2025-02-10,2123.89
1320,2440,2024-09-13,3057.29
1321,2442,2024-03-31,2167.2
1322,2443,2025-12-10,6156.13
1323,2447,2025-12-24,2496.05
1324,2449,2024-09-21,1442.7
1325,2450,2024-08-05,2976.0
1326,2456,2025-01-04,2955.35
1327,2458,2025-10-02,6111.21
1328,2463,2024-10-25,1959.74
1329,2465,2024-02-28,1226.53
1330,2468,2025-10-20,2037.76
1331,2469,2025-08-26,940.68
1332,2471,2024-10-03,4366.77
1333,2472,2025-09-18,1638.08
1334,2474,2026-02-23,1285.51
1335,2477,2024-05-18,4628.65
1336,2481,2024-10-27,2628.59
1337,2482,2024-04-30,2861.43
1338,2483,2025-10-20,3528.49
1339,2484,2025-10-15,1545.56
1340,2485,2024-05-17,3632.43
1341,2486,2024-03-18,1121.33
1342,2487,2024-08-08,5322.39
1343,2488,2025-12-03,2349.14
1344,2489,2026-01-13,1935.98
1345,2490,2025-11-23,2657.64
1346,2491,2025-02-27,6045.49
1347,2493,2024-10-20,4926.29
1348,2494,2024-12-22,2459.42
1349,2495,2026-01-26,3234.42
1350,2497,2024-02-29,1156.68
1351,2498,2025-07-25,7195.4
1352,2501,2025-01-18,1174.18
1353,2502,2024-12-12,1532.41
1354,2504,2025-02-07,2978.24
1355,2505,2025-08-09,1819.59
1356,2506,2024-05-29,3399.15
1357,2509,2026-01-20,6575.46
1358,2510,2024-09-07,3047.61
1359,2511,2024-07-31,3387.0
1360,2513,2024-05-27,7291.84
1361,2514,2024-10-22,6832.16
1362,2515,2024-11-08,1400.15
1363,2519,2024-10-19,882.11
1364,2520,2025-08-05,1923.26
1365,2523,2024-06-10,1551.91
1366,2524,2025-11-16,5257.38
1367,2525,2026-01-31,3314.56
1368,2526,2024-02-16,387.85
1369,2528,2025-06-06,808.54
1370,2529,2025-05-25,1874.28
1371,2530,2025-06-14,1856.27
1372,2532,2024-03-25,12210.25
1373,2533,2025-08-31,2408.33
1374,2538,2026-01-08,654.32
1375,2540,2024-12-23,2104.87
1376,2541,2025-07-11,912.3
1377,2542,2024-02-26,3464.47
1378,2544,2025-08-02,1794.21
1379,2545,2025-03-12,4672.12
1380,2547,2025-03-27,2610.06
1381,2548,2024-12-27,4662.7
1382,2552,2025-09-21,1590.79
1383,2554,2024-11-30,1356.01
1384,2555,2026-01-22,4397.38
1385,2556,2026-01-22,6879.51
1386,2557,2025-08-28,6395.94
1387,2559,2024-03-09,2628.58
1388,2563,2024-10-07,1624.57
1389,2564,2024-07-20,3747.16
1390,2565,2024-04-07,3801.07
1391,2569,2024-11-15,1519.49
1392,2570,2024-09-22,4276.67
1393,2573,2024-12-26,3173.99
1394,2575,2024-04-29,2144.43
1395,2576,2024-06-27,2369.09
1396,2577,2025-12-15,607.56
1397,2579,2025-05-14,2078.1
1398,2580,2024-06-28,3990.53
1399,2582,2025-11-25,4823.05
1400,2583,2024-10-19,885.88
1401,2585,2024-04-20,1615.95
1402,2586,2025-12-07,4211.09
1403,2588,2025-03-19,3027.9
1404,2590,2025-05-27,1841.38
1405,2592,2024-08-29,2814.63
1406,2594,2026-01-18,1526.91
1407,2598,2025-11-24,1075.02
1408,2600,2024-04-30,4784.04
1409,2601,2025-05-03,1706.56
1410,2605,2025-08-20,1380.97
1411,2606,2024-04-25,2693.59
1412,2607,2025-04-21,2738.42
1413,2608,2025-03-09,4460.51
1414,2610,2024-12-31,8918.78
1415,2611,2024-12-27,145.72
1416,2613,2025-02-12,1910.85
1417,2615,2025-08-11,3073.0
1418,2616,2025-08-25,1552.6
1419,2617,2025-05-12,3053.19
1420,2618,2024-05-06,4806.36
1421,2619,2025-08-19,2099.94
1422,2621,2026-01-04,3711.63
1423,2622,2025-05-01,5118.0
1424,2623,2025-11-12,854.46
1425,2624,2025-09-19,130.88
1426,2625,2024-08-16,5062.21
1427,2627,2025-09-10,6602.45
1428,2628,2025-12-20,2373.74
1429,2629,2025-06-21,1441.46
1430,2630,2025-04-08,5280.92
1431,2633,2026-01-10,6191.04
1432,2634,2025-04-20,1681.85
1433,2636,2025-07-16,7144.74
1434,2637,2025-09-15,2968.56
1435,2638,2024-12-03,2486.7
1436,2640,2024-07-10,950.82
1437,2641,2025-10-26,4482.54
1438,2643,2025-03-10,418.91
1439,2644,2025-07-28,1307.96
1440,2648,2024-12-18,2108.15
1441,2651,2025-12-10,2725.78
1442,2653,2025-10-30,1556.49
1443,2654,2025-08-14,2782.93
1444,2656,2024-09-09,1855.89
1445,2657,2024-04-09,6352.28
1446,2658,2024-12-31,4253.25
1447,2659,2025-10-23,4615.84
1448,2660,2026-02-07,1454.23
1449,2662,2025-09-18,1014.98
1450,2663,2025-02-18,7932.64
1451,2665,2025-04-12,4012.09
1452,2669,2024-04-28,3894.52
1453,2670,2024-06-07,435.74
1454,2672,2025-10-11,8305.93
1455,2673,2025-10-10,1917.32
1456,2675,2026-02-03,4183.81
1457,2676,2025-02-16,4476.32
1458,2677,2026-01-11,1507.62
1459,2679,2024-03-08,6907.6
1460,2680,2024-03-07,559.13
1461,2681,2024-03-25,1113.85
1462,2685,2024-03-18,5008.75
1463,2687,2025-12-06,2401.43
1464,2689,2025-08-25,1275.82
1465,2690,2024-10-13,1650.47
1466,2691,2025-05-10,1555.73
1467,2692,2025-03-28,1273.59
1468,2693,2024-10-04,2225.55
1469,2694,2025-07-02,3450.23
1470,2695,2024-07-03,3375.01
1471,2696,2024-11-28,3886.42
1472,2698,2024-08-20,2603.79
1473,2700,2024-06-02,2067.31
1474,2703,2025-05-13,4548.44
1475,2705,2024-12-15,2456.82
1476,2707,2025-12-01,7851.54
1477,2708,2024-11-28,2531.47
1478,2709,2024-09-18,4442.78
1479,2710,2024-03-14,2572.61
1480,2711,2024-08-12,2821.96
1481,2712,2025-05-27,1927.95
1482,2714,2025-03-01,1792.38
1483,2716,2025-02-11,6051.87
1484,2717,2024-06-28,1883.03
1485,2718,2024-07-10,1480.2
1486,2719,2024-04-20,1280.93
1487,2722,2024-09-01,2397.65
1488,2724,2024-12-11,3389.59
1489,2727,2025-05-10,1863.59
1490,2729,2025-04-23,1675.95
1491,2730,2025-10-12,5711.36
1492,2733,2025-07-14,939.84
1493,2734,2025-07-11,932.66
1494,2735,2025-04-08,2125.59
1495,2736,2025-08-25,3800.99
1496,2737,2026-01-17,4646.82
1497,2738,2025-11-21,3724.92
1498,2739,2024-10-10,982.29
1499,2741,2025-05-16,2865.85
1500,2745,2026-01-06,3492.78
1501,2746,2024-03-17,2112.92
1502,2747,2024-04-12,5366.64
1503,2748,2025-09-22,3736.78
1504,2752,2025-09-02,3976.18
1505,2756,2025-02-03,1299.31
1506,2757,2025-04-19,1914.45
1507,2758,2025-08-28,2581.56
1508,2759,2024-06-25,2064.82
1509,2760,2025-10-16,1031.69
1510,2763,2024-02-26,737.97
1511,2764,2025-12-01,3881.13
1512,2765,2025-01-17,6260.11
1513,2767,2024-09-26,5257.93
1514,2768,2025-10-08,1180.21
1515,2771,2025-03-12,3669.7
1516,2772,2025-06-20,1238.8
1517,2774,2025-08-28,3248.06
1518,2775,2025-09-22,2114.07
1519,2776,2024-03-22,5605.75
1520,2778,2025-05-08,2647.22
1521,2781,2024-07-27,3861.91
1522,2782,2024-07-20,2639.97
1523,2783,2025-07-30,295.21
1524,2785,2025-02-24,52.15
1525,2786,2024-08-01,3368.4
1526,2788,2025-03-17,724.69
1527,2790,2025-03-17,4597.09
1528,2791,2025-08-02,6186.76
1529,2796,2024-11-15,2285.09
1530,2797,2024-03-30,3785.37
1531,2798,2025-12-30,958.06
1532,2799,2024-09-25,3313.41
1533,2801,2024-03-16,1789.04
1534,2803,2025-08-02,5685.74
1535,2804,2024-08-23,5301.71
1536,2805,2025-01-23,3184.59
1537,2806,2025-03-27,5217.84
1538,2807,2025-05-13,729.01
1539,2808,2025-06-13,2360.0
1540,2812,2025-03-21,1795.14
1541,2813,2025-07-21,3562.08
1542,2814,2024-07-05,3327.51
1543,2815,2026-03-04,1691.7
1544,2822,2024-03-19,3417.46
1545,2823,2024-09-14,4303.73
1546,2824,2025-06-17,2304.01
1547,2825,2025-02-19,1578.0
1548,2827,2026-01-13,2009.24
1549,2828,2025-05-13,2523.04
1550,2829,2025-01-05,2043.72
1551,2830,2024-09-07,2073.6
1552,2831,2024-06-19,1252.23
1553,2833,2025-11-08,1305.8
1554,2834,2025-09-24,3919.12
1555,2835,2025-11-29,2764.43
1556,2836,2026-01-27,1356.99
1557,2838,2025-12-10,4071.22
1558,2839,2024-07-01,1236.46
1559,2841,2024-02-07,1079.84
1560,2842,2025-10-27,2781.5
1561,2843,2024-07-11,390.98
1562,2844,2026-02-26,562.19
1563,2846,2025-06-03,398.4
1564,2848,2024-09-15,3007.58
1565,2849,2025-07-30,6812.58
1566,2851,2024-07-24,5113.81
1567,2852,2024-09-08,886.58
1568,2853,2025-11-14,3036.09
1569,2855,2025-10-01,2589.33
1570,2859,2025-06-15,1774.35
1571,2860,2024-09-30,4052.21
1572,2861,2025-01-20,4306.31
1573,2862,2024-03-27,1069.84
1574,2864,2025-04-29,2269.83
1575,2869,2025-06-23,977.26
1576,2870,2024-10-21,1185.7
1577,2871,2025-04-13,1805.64
1578,2872,2025-06-26,713.49
1579,2873,2026-02-06,5710.47
1580,2874,2025-09-12,2215.52
1581,2875,2024-04-10,2873.8
1582,2876,2024-06-12,2037.49
1583,2878,2024-11-25,1145.86
1584,2880,2024-08-29,3906.18
1585,2882,2024-06-05,1201.74
1586,2884,2025-07-06,4277.07
1587,2885,2025-06-10,6683.38
1588,2886,2025-10-23,4298.48
1589,2887,2024-06-17,5161.46
1590,2888,2025-10-09,6375.94
1591,2891,2025-05-12,1299.43
1592,2893,2024-06-15,3264.62
1593,2894,2024-03-17,2702.62
1594,2895,2024-11-19,2499.17
1595,2900,2025-04-13,2075.0
1596,2902,2025-11-05,1574.49
1597,2903,2025-09-11,3431.56
1598,2906,2025-05-22,1958.04
1599,2907,2025-06-08,1885.25
1600,2910,2025-07-30,5250.11
1601,2911,2025-10-30,2952.41
1602,2913,2024-02-20,3906.73
1603,2915,2025-01-04,2142.4
1604,2919,2024-09-29,1611.74
1605,2920,2024-11-02,2064.65
1606,2921,2025-11-13,1202.79
1607,2922,2024-09-16,1363.2
1608,2923,2024-02-08,8178.04
1609,2924,2025-01-12,2869.94
1610,2926,2024-03-10,4309.87
1611,2927,2024-07-02,11654.97
1612,2932,2025-05-28,2200.67
1613,2934,2024-08-22,635.27
1614,2936,2024-02-27,1190.14
1615,2939,2024-09-11,878.57
1616,2940,2025-06-18,1833.01
1617,2941,2025-10-18,5102.08
1618,2942,2025-04-12,2476.39
1619,2943,2025-09-18,3237.86
1620,2948,2026-01-31,3516.69
1621,2949,2024-07-01,952.14
1622,2951,2025-04-01,3194.45
1623,2953,2024-04-19,2303.55
1624,2954,2024-07-21,5818.54
1625,2955,2025-07-19,6237.05
1626,2957,2024-04-08,792.59
1627,2958,2025-06-09,3467.58
1628,2960,2025-02-03,2615.68
1629,2962,2025-07-10,836.7
1630,2963,2025-08-12,2527.82
1631,2964,2025-04-18,8582.41
1632,2967,2024-11-15,1948.53
1633,2969,2024-03-06,2743.73
1634,2974,2024-11-20,7568.5
1635,2976,2025-04-21,2026.36
1636,2977,2025-01-13,5374.21
1637,2980,2025-06-20,8782.61
1638,2981,2024-03-03,6748.83
1639,2982,2025-07-17,8267.79
1640,2983,2024-04-15,5573.32
1641,2984,2025-06-04,3743.47
1642,2986,2024-10-12,3438.07
1643,2988,2025-07-17,1499.42
1644,2989,2024-09-24,1723.91
1645,2990,2024-12-07,2554.84
1646,2991,2025-09-15,345.9
1647,2992,2024-11-14,1547.72
1648,2993,2025-09-03,1714.67
1649,2994,2024-02-23,4572.33
1650,2995,2024-07-08,5235.47
1651,2997,2024-05-10,2568.57
1652,2998,2025-01-26,2166.6
1653,3000,2025-08-10,2829.86
1654,3005,2026-01-24,2037.26
1655,3006,2025-09-22,3446.4
1656,3009,2026-02-05,3370.94
1657,3010,2026-02-10,4441.83
1658,3011,2025-03-11,1947.44
1659,3012,2024-06-28,4728.12
1660,3013,2024-08-08,1824.44
1661,3016,2024-12-18,3949.7
1662,3018,2026-01-05,3064.77
1663,3020,2024-12-05,2535.38
1664,3021,2025-10-28,1698.47
1665,3023,2024-09-12,2511.99
1666,3024,2025-07-07,1884.63
1667,3026,2025-11-22,2307.06
1668,3027,2026-01-29,1271.11
1669,3030,2025-07-29,2258.43
1670,3034,2026-01-18,2781.2
1671,3035,2025-08-26,2240.09
1672,3038,2024-12-03,1821.12
1673,3039,2024-10-21,762.52
1674,3041,2025-03-17,2894.68
1675,3044,2024-04-27,3708.9
1676,3045,2024-05-04,3127.87
1677,3047,2025-06-17,1920.11
1678,3050,2025-04-17,5237.74
1679,3051,2025-04-20,1902.59
1680,3054,2025-03-25,5822.89
1681,3055,2025-12-27,2701.39
1682,3059,2024-12-04,3804.19
1683,3062,2024-07-12,1850.64
1684,3063,2024-08-06,1535.1
1685,3065,2025-02-23,4142.73
1686,3067,2024-08-09,1442.52
1687,3068,2025-10-06,5065.71
1688,3070,2024-10-14,2174.68
1689,3072,2024-08-19,837.76
1690,3073,2025-01-09,1320.71
1691,3074,2024-04-17,3777.47
1692,3075,2024-03-17,3437.1
1693,3076,2025-07-25,2147.51
1694,3077,2024-05-04,2304.81
1695,3078,2024-05-10,5753.58
1696,3080,2025-12-04,1104.61
1697,3081,2024-08-02,486.52
1698,3082,2025-06-28,3251.18
1699,3083,2025-06-28,3360.15
1700,3084,2024-10-13,2567.71
1701,3085,2025-09-08,1615.38
1702,3088,2025-05-10,3188.96
1703,3089,2024-08-24,1198.69
1704,3090,2025-08-01,4868.76
1705,3091,2025-02-25,1637.34
1706,3092,2025-04-02,1667.15
1707,3093,2025-02-16,2008.72
1708,3094,2025-06-29,9491.2
1709,3095,2025-12-26,2399.76
1710,3096,2024-11-24,4242.06
1711,3097,2025-08-09,3319.91
1712,3098,2025-01-26,2833.55
1713,3099,2025-11-12,1689.16
1714,3100,2025-07-22,1241.42
1715,3102,2025-12-15,3700.15
1716,3103,2025-02-03,2410.28
1717,3104,2024-08-15,6073.4
1718,3109,2024-08-14,3503.04
1719,3112,2025-08-07,2047.12
1720,3113,2025-07-26,5389.35
1721,3115,2024-12-05,2229.01
1722,3117,2024-06-25,7091.12
1723,3119,2025-03-02,2991.06
1724,3120,2025-06-14,2283.16
1725,3121,2025-08-24,4284.36
1726,3123,2024-12-03,5037.85
1727,3125,2025-03-11,2636.49
1728,3128,2025-11-10,781.55
1729,3130,2024-07-16,815.21
1730,3131,2025-10-05,852.11
1731,3132,2025-02-01,3575.47
1732,3135,2025-11-16,2935.11
1733,3136,2024-10-19,2409.61
1734,3137,2025-12-15,4060.82
1735,3139,2025-02-22,891.67
1736,3142,2024-10-02,1002.71
1737,3144,2025-02-11,1906.23
1738,3145,2025-01-28,6773.93
1739,3150,2024-03-23,7146.31
1740,3151,2024-07-23,5487.46
1741,3153,2024-05-10,2376.47
1742,3154,2025-11-01,4232.09
1743,3155,2025-01-06,1078.81
1744,3157,2025-12-10,878.89
1745,3158,2024-03-20,3449.0
1746,3159,2024-07-05,3808.14
1747,3163,2024-03-28,6031.91
1748,3164,2025-10-05,2526.07
1749,3166,2025-11-01,1114.43
1750,3168,2025-07-23,6676.37
1751,3169,2024-12-09,1508.28
1752,3170,2025-03-15,2162.71
1753,3171,2025-08-01,331.15
1754,3172,2025-09-07,1669.39
1755,3173,2025-07-02,1637.11
1756,3174,2024-12-06,4414.41
1757,3178,2024-08-13,1205.46
1758,3179,2024-12-30,581.44
1759,3180,2024-04-16,2172.5
1760,3181,2024-12-30,1804.86
1761,3182,2024-07-21,1848.77
1762,3184,2025-12-06,1252.27
1763,3188,2024-06-14,708.01
1764,3189,2025-02-28,2853.41
1765,3190,2024-03-21,2735.88
1766,3193,2025-03-05,2452.59
1767,3194,2025-03-01,2602.58
1768,3195,2025-10-15,1582.38
1769,3201,2024-04-05,6687.2
1770,3202,2024-07-22,3531.88
1771,3204,2025-06-18,2293.24
1772,3205,2025-10-29,3863.93
1773,3210,2024-11-24,2876.24
1774,3211,2025-02-07,441.0
1775,3216,2025-12-11,9830.6
1776,3217,2026-01-18,2412.34
1777,3218,2026-01-06,3688.75
1778,3220,2025-06-16,976.33
1779,3222,2025-02-07,2687.87
1780,3223,2024-12-13,2273.85
1781,3227,2024-03-03,4059.46
1782,3228,2025-02-25,3598.15
1783,3229,2025-07-08,7221.75
1784,3231,2025-08-10,2110.95
1785,3233,2025-12-22,968.28
1786,3234,2025-08-28,4057.93
1787,3235,2025-04-22,2454.87
1788,3236,2025-11-17,4716.86
1789,3240,2025-11-18,3859.29
1790,3241,2025-09-30,2254.96
1791,3243,2026-02-14,1153.63
1792,3244,2025-03-04,3295.27
1793,3246,2024-12-13,3698.11
1794,3247,2024-11-05,2012.34
1795,3249,2025-11-14,2886.65
1796,3251,2024-05-08,3001.14
1797,3252,2025-07-08,4404.67
1798,3255,2025-04-01,6083.77
1799,3257,2025-07-30,600.82
1800,3259,2025-02-06,615.81
1801,3260,2025-09-01,2814.08
1802,3261,2024-10-20,1881.65
1803,3262,2025-07-15,2375.74
1804,3263,2025-10-05,2983.31
1805,3264,2025-05-28,2199.85
1806,3265,2026-01-22,1485.86
1807,3266,2025-03-08,6315.34
1808,3267,2024-09-08,2428.49
1809,3269,2024-09-08,3853.99
1810,3271,2025-03-20,2899.31
1811,3274,2024-07-20,1876.03
1812,3276,2025-04-30,6471.18
1813,3278,2025-03-22,5184.39
1814,3281,2025-03-12,3993.91
1815,3282,2024-07-17,1536.55
1816,3283,2025-04-22,2713.3
1817,3284,2025-08-18,2142.57
1818,3285,2025-04-09,5509.95
1819,3286,2024-07-08,5312.77
1820,3289,2025-10-28,3559.04
1821,3290,2024-05-29,4204.48
1822,3294,2025-03-09,5765.97
1823,3296,2024-03-27,856.42
1824,3297,2025-04-19,1980.74
1825,3299,2024-09-10,1749.96
1826,3301,2024-11-24,1540.87
1827,3302,2025-11-15,4089.45
1828,3304,2024-02-19,2820.5
1829,3305,2025-10-30,628.46
1830,3308,2025-02-01,531.3
1831,3309,2024-03-21,3524.69
1832,3310,2024-04-25,5555.84
1833,3311,2025-06-01,4952.2
1834,3313,2025-12-22,2142.48
1835,3314,2024-10-29,981.52
1836,3315,2024-06-02,4746.64
1837,3317,2024-11-28,3245.44
1838,3318,2024-09-17,2379.73
1839,3319,2024-09-11,1272.56
1840,3321,2025-06-12,1143.68
1841,3323,2025-02-07,1228.33
1842,3324,2024-09-07,2893.49
1843,3327,2024-03-02,2225.62
1844,3328,2025-07-16,3130.67
1845,3329,2025-10-21,594.77
1846,3335,2025-01-18,2005.11
1847,3338,2025-10-08,8906.75
1848,3341,2024-10-14,2264.0
1849,3342,2025-04-08,2940.32
1850,3343,2024-08-07,1269.67
1851,3348,2025-10-01,2216.96
1852,3350,2025-02-09,3159.82
1853,3351,2024-12-30,1968.67
1854,3352,2024-12-19,6186.61
1855,3355,2024-11-01,2094.18
1856,3356,2024-10-13,5845.56
1857,3357,2025-08-17,1576.45
1858,3358,2024-07-10,1659.08
1859,3360,2025-04-28,2377.45
1860,3361,2025-04-10,2556.6
1861,3362,2024-10-20,4372.83
1862,3369,2024-11-29,1343.53
1863,3375,2025-08-16,2681.6
1864,3377,2025-10-25,4713.98
1865,3380,2025-02-08,2912.2
1866,3382,2025-03-08,2008.85
1867,3383,2024-04-21,3613.93
1868,3386,2026-01-15,7081.85
1869,3387,2025-12-14,1707.65
1870,3388,2025-10-09,3301.06
1871,3390,2024-09-30,606.8
1872,3392,2024-06-11,1574.43
1873,3397,2025-02-08,946.45
1874,3398,2024-06-30,976.8
1875,3402,2026-02-18,3415.8
1876,3403,2025-08-12,4963.62
1877,3404,2025-06-15,2069.4
1878,3405,2025-04-10,2455.84
1879,3407,2024-09-08,3822.91
1880,3408,2025-04-02,2715.43
1881,3411,2024-07-23,730.86
1882,3412,2024-10-20,1769.77
1883,3413,2024-09-20,2597.14
1884,3414,2025-01-10,2299.45
1885,3417,2024-04-18,4784.37
1886,3418,2025-07-17,3754.91
1887,3420,2026-01-04,5322.62
1888,3421,2024-10-23,4636.21
1889,3422,2025-02-12,2488.79
1890,3423,2025-02-26,1102.14
1891,3426,2024-03-09,1766.98
1892,3428,2024-03-02,3235.64
1893,3430,2026-01-14,2484.96
1894,3431,2024-04-20,2445.6
1895,3433,2026-01-22,3851.66
1896,3434,2024-07-05,3261.38
1897,3435,2024-11-14,1871.7
1898,3436,2026-01-11,1269.09
1899,3440,2026-01-04,3669.52
1900,3442,2026-02-08,3862.13
1901,3443,2025-07-30,3930.6
1902,3445,2026-01-28,1747.43
1903,3447,2024-05-12,9072.24
1904,3448,2024-05-13,1554.77
1905,3449,2024-05-05,2500.67
1906,3450,2024-10-12,6152.11
1907,3451,2024-11-08,3334.23
1908,3454,2026-02-20,4953.59
1909,3456,2024-08-31,1515.44
1910,3458,2025-09-13,2564.5
1911,3460,2024-03-30,1726.42
1912,3461,2025-11-09,3310.48
1913,3462,2025-09-19,915.02
1914,3463,2024-12-19,1202.39
1915,3468,2025-02-08,2792.68
1916,3469,2025-02-08,3432.39
1917,3471,2025-09-03,698.17
1918,3473,2025-07-15,1475.6
1919,3474,2024-04-30,1536.7
1920,3475,2026-02-12,3417.31
1921,3476,2025-01-15,4401.01
1922,3477,2024-04-12,4359.3
1923,3478,2024-08-29,3315.74
1924,3479,2024-03-04,5007.13
1925,3480,2026-01-09,2450.66
1926,3484,2025-04-29,1832.86
1927,3485,2025-12-02,1633.94
1928,3486,2024-10-10,3597.36
1929,3489,2025-05-16,939.86
1930,3490,2025-10-17,3839.21
1931,3491,2026-01-08,3993.84
1932,3494,2025-08-02,1715.6
1933,3496,2025-12-27,3332.21
1934,3497,2026-01-07,6397.35
1935,3499,2024-09-08,2942.03
1936,3501,2024-03-04,2311.43
1937,3503,2024-04-05,3433.34
1938,3505,2025-12-28,5243.34
1939,3506,2025-06-01,2115.52
1940,3507,2025-02-26,1890.03
1941,3509,2025-06-24,2581.96
1942,3510,2025-04-08,6862.01
1943,3511,2024-09-17,1561.56
1944,3515,2025-10-08,3284.86
1945,3516,2024-10-13,2549.84
1946,3518,2025-10-28,2002.75
1947,3522,2025-04-20,1804.27
1948,3524,2024-12-21,4492.32
1949,3525,2025-08-27,3623.32
1950,3526,2025-11-18,1862.85
1951,3529,2024-12-10,1893.86
1952,3530,2025-09-06,1136.6
1953,3531,2024-05-26,3334.21
1954,3532,2026-01-29,1558.2
1955,3533,2025-05-07,1904.64
1956,3534,2024-11-30,684.58
1957,3536,2024-09-03,3328.31
1958,3538,2025-04-23,2895.1
1959,3539,2024-03-28,6369.91
1960,3542,2024-11-03,2020.81
1961,3544,2024-12-23,2506.49
1962,3545,2025-07-18,3414.64
1963,3546,2024-10-05,2643.85
1964,3548,2024-07-20,695.64
1965,3549,2025-02-11,3089.32
1966,3550,2025-10-04,4802.58
1967,3551,2025-06-10,1935.05
1968,3552,2025-06-06,1815.0
1969,3553,2025-11-01,1471.8
1970,3557,2024-11-13,5834.02
1971,3559,2025-11-30,4741.65
1972,3560,2025-05-30,2183.48
1973,3562,2025-08-08,5320.79
1974,3563,2025-04-01,4875.63
1975,3566,2025-02-07,3460.97
1976,3567,2024-08-12,1681.66
1977,3568,2025-09-03,3482.27
1978,3571,2025-08-12,4581.81
1979,3572,2025-01-03,3776.41
1980,3573,2025-03-13,3836.88
1981,3574,2024-09-27,2288.84
1982,3575,2024-05-15,3241.86
1983,3577,2025-07-04,1260.98
1984,3578,2025-06-12,1368.9
1985,3579,2024-10-19,3029.68
1986,3583,2024-06-29,700.02
1987,3584,2024-12-28,2288.62
1988,3585,2025-04-05,1528.19
1989,3587,2024-06-26,1011.68
1990,3589,2025-07-03,5498.74
1991,3591,2024-07-27,3741.83
1992,3592,2024-05-15,2068.4
1993,3593,2025-06-22,4426.95
1994,3595,2024-04-04,2832.57
1995,3597,2025-07-05,4837.56
1996,3598,2024-04-12,1030.82
1997,3600,2026-01-10,4514.97
1998,3601,2025-07-22,1353.92
1999,3602,2025-04-30,8124.84
2000,3603,2025-01-13,2481.38
2001,3609,2025-04-13,5132.01
2002,3610,2025-03-17,3988.51
2003,3612,2024-06-09,6099.58
2004,3616,2025-12-17,1200.77
2005,3617,2024-04-29,5403.68
2006,3619,2024-06-30,234.6
2007,3621,2025-12-03,4194.25
2008,3622,2025-09-24,2899.88
2009,3623,2024-11-12,2547.3
2010,3625,2024-03-21,2977.06
2011,3626,2025-05-25,4155.6
2012,3628,2025-08-02,4222.39
2013,3629,2024-07-23,6208.41
2014,3631,2025-06-24,832.02
2015,3632,2024-07-30,895.52
2016,3635,2025-09-28,977.75
2017,3636,2024-09-21,6128.69
2018,3637,2024-05-14,2604.36
2019,3640,2025-11-22,3713.39
2020,3641,2024-04-24,1109.28
2021,3643,2024-12-04,1743.14
2022,3644,2024-03-29,5288.17
2023,3647,2025-05-28,1326.42
2024,3649,2024-11-07,2181.31
2025,3650,2024-05-13,2111.47
2026,3651,2024-04-17,3889.0
2027,3653,2024-02-12,1483.96
2028,3655,2024-08-02,3513.08
2029,3656,2025-10-12,2827.04
2030,3657,2024-09-22,995.66
2031,3662,2026-02-02,7877.33
2032,3663,2025-03-11,1991.95
2033,3664,2025-10-29,682.18
2034,3668,2025-10-30,2606.2
2035,3671,2024-12-15,4562.02
2036,3673,2024-08-24,1757.88
2037,3674,2025-10-09,1457.09
2038,3675,2024-04-03,1548.41
2039,3676,2024-07-23,1034.4
2040,3680,2024-11-03,2746.13
2041,3682,2024-05-05,3791.49
2042,3686,2024-11-01,1001.88
2043,3689,2024-06-30,4339.09
2044,3690,2025-03-16,1021.65
2045,3696,2025-11-08,7281.63
2046,3698,2025-07-04,3873.1
2047,3699,2025-04-12,2420.73
2048,3700,2024-12-14,5059.52
2049,3701,2025-03-18,5881.13
2050,3702,2024-06-14,5067.93
2051,3704,2025-10-17,5950.1
2052,3705,2024-06-05,3442.88
2053,3706,2024-11-22,4099.9
2054,3708,2024-05-23,2497.26
2055,3711,2024-01-28,4365.14
2056,3714,2025-07-25,3875.26
2057,3716,2024-12-24,7066.88
2058,3717,2024-05-24,394.91
2059,3718,2025-02-07,5277.14
2060,3720,2025-12-05,2077.05
2061,3723,2025-08-15,3030.45
2062,3724,2024-08-15,1635.21
2063,3725,2025-03-30,1212.17
2064,3727,2024-03-28,6974.33
2065,3728,2026-01-13,4047.4
2066,3729,2026-03-02,1311.76
2067,3730,2025-12-05,5101.88
2068,3732,2025-04-28,3911.97
2069,3733,2024-10-31,1218.58
2070,3734,2024-05-15,539.99
2071,3735,2024-11-02,1975.12
2072,3736,2024-12-24,1591.32
2073,3737,2025-05-14,4378.13
2074,3738,2025-11-25,4800.27
2075,3740,2025-09-17,2919.17
2076,3741,2025-06-08,1368.18
2077,3742,2024-04-20,4239.66
2078,3743,2025-08-06,4380.22
2079,3744,2026-01-11,2795.49
2080,3745,2025-02-17,771.54
2081,3746,2024-12-13,7559.29
2082,3747,2025-09-29,748.11
2083,3749,2024-10-27,3262.44
2084,3753,2024-10-02,5979.85
2085,3755,2025-12-03,2850.97
2086,3757,2025-09-05,1584.31
2087,3759,2025-04-18,5446.01
2088,3762,2024-09-17,4283.56
2089,3766,2025-04-15,2254.11
2090,3767,2025-08-13,2217.86
2091,3769,2025-02-07,3338.04
2092,3770,2024-06-21,5864.87
2093,3771,2025-08-16,3799.99
2094,3773,2024-07-01,1334.44
2095,3774,2024-04-25,964.52
2096,3775,2024-11-30,2087.8
2097,3779,2025-05-30,3726.43
2098,3780,2025-01-31,2414.79
2099,3783,2025-12-29,1483.71
2100,3784,2024-10-09,1078.16
2101,3787,2025-04-04,3527.77
2102,3788,2025-08-14,146.63
2103,3790,2024-07-12,2146.01
2104,3791,2024-10-03,4844.42
2105,3792,2024-05-06,916.89
2106,3794,2026-02-07,5116.76
2107,3795,2025-02-12,2660.89
2108,3796,2025-06-07,1363.74
2109,3797,2025-03-29,1103.67
2110,3799,2024-11-29,3132.86
2111,3800,2025-02-11,2423.87
2112,3801,2024-11-29,1170.88
2113,3803,2025-01-07,1598.31
2114,3804,2024-04-20,2261.57
2115,3806,2024-05-26,3016.06
2116,3807,2024-03-23,933.71
2117,3808,2024-12-15,1117.65
2118,3812,2025-08-09,3732.55
2119,3815,2025-09-30,2598.93
2120,3816,2024-10-07,5338.17
2121,3818,2024-08-11,3377.76
2122,3821,2024-03-31,394.1
2123,3823,2025-04-01,1767.82
2124,3824,2024-09-21,1404.76
2125,3827,2024-10-11,5238.57
2126,3828,2025-07-12,2286.92
2127,3830,2025-06-08,3621.34
2128,3832,2025-02-25,3882.38
2129,3833,2025-01-06,3648.67
2130,3841,2024-11-15,2346.88
2131,3843,2025-07-25,2004.1
2132,3845,2025-02-24,2814.7
2133,3847,2025-07-29,4909.52
2134,3849,2026-01-12,1695.28
2135,3851,2025-11-29,2786.43
2136,3854,2025-03-09,1227.54
2137,3855,2024-04-30,3044.9
2138,3856,2025-08-04,936.61
2139,3858,2025-02-17,1782.09
2140,3860,2024-09-26,4575.27
2141,3861,2024-02-03,5158.46
2142,3863,2024-07-21,2935.44
2143,3864,2025-06-19,900.98
2144,3865,2025-08-25,1457.51
2145,3867,2025-01-29,2969.58
2146,3868,2025-05-27,2483.42
2147,3869,2024-04-15,1882.34
2148,3870,2024-11-07,424.84
2149,3873,2024-11-12,2857.31
2150,3874,2024-12-18,729.49
2151,3878,2025-07-18,1510.98
2152,3880,2025-12-11,3915.66
2153,3881,2025-06-17,1458.15
2154,3882,2025-01-28,2224.6
2155,3884,2024-12-30,4263.62
2156,3886,2024-07-24,2349.5
2157,3889,2024-08-22,7292.04
2158,3891,2025-02-22,4083.87
2159,3892,2025-12-01,1358.26
2160,3895,2024-03-15,1924.17
2161,3898,2025-02-07,2927.08
2162,3903,2024-05-30,2529.63
2163,3904,2024-10-27,1810.28
2164,3907,2026-01-23,6628.15
2165,3908,2024-12-07,1600.63
2166,3909,2025-11-24,3558.01
2167,3911,2024-04-12,2043.98
2168,3912,2025-02-12,2221.33
2169,3913,2024-04-11,1215.25
2170,3914,2024-08-20,1825.76
2171,3915,2025-02-15,943.07
2172,3916,2024-07-15,1214.43
2173,3917,2025-05-27,1404.67
2174,3919,2024-06-08,1817.18
2175,3920,2024-11-23,1253.65
2176,3924,2024-04-19,3838.14
2177,3927,2025-05-02,1112.93
2178,3930,2026-02-11,2757.1
2179,3931,2025-09-07,4229.91
2180,3932,2024-07-07,2734.17
2181,3934,2024-05-04,1070.17
2182,3935,2025-10-13,2903.41
2183,3936,2025-02-03,4707.14
2184,3937,2024-04-04,1939.12
2185,3940,2024-12-17,1260.82
2186,3941,2025-02-13,1905.14
2187,3943,2025-07-24,5060.25
2188,3945,2025-12-27,2723.95
2189,3946,2025-08-03,1162.32
2190,3947,2024-07-18,1348.11
2191,3952,2025-12-05,3940.33
2192,3958,2025-01-07,994.62
2193,3959,2025-05-25,6026.67
2194,3965,2025-10-16,1859.08
2195,3967,2024-08-06,4423.76
2196,3968,2024-06-03,3495.83
2197,3969,2024-03-12,2257.15
2198,3970,2025-11-15,5128.61
2199,3971,2024-10-01,3317.43
2200,3975,2024-06-17,5638.21
2201,3977,2024-08-29,2056.89
2202,3978,2024-08-12,726.76
2203,3979,2024-09-06,1868.62
2204,3982,2025-09-09,3020.55
2205,3984,2026-01-30,727.62
2206,3986,2025-04-19,6108.42
2207,3989,2024-09-22,5952.98
2208,3991,2025-04-27,4413.79
2209,3995,2025-07-18,5074.6
2210,3997,2024-08-17,2295.44
2211,3998,2025-04-11,4233.32
2212,3999,2025-10-01,5380.51
2213,4001,2025-04-15,4006.67
2214,4004,2024-12-16,382.7
2215,4005,2025-12-31,3783.41
2216,4006,2025-10-03,1541.11
2217,4007,2026-01-24,5276.02
2218,4008,2025-03-05,8414.7
2219,4009,2026-02-14,2682.48
2220,4010,2025-12-09,4159.93
2221,4012,2024-06-27,2727.96
2222,4014,2026-02-02,765.64
2223,4018,2025-05-12,1124.89
2224,4019,2025-06-19,4109.41
2225,4023,2024-03-21,1779.53
2226,4025,2026-02-11,2352.14
2227,4027,2025-01-06,2074.99
2228,4028,2025-11-12,6576.82
2229,4029,2024-10-14,4271.64
2230,4030,2025-04-07,7998.18
2231,4032,2025-04-23,3001.58
2232,4033,2024-09-12,3351.39
2233,4035,2024-08-03,1498.28
2234,4039,2025-12-11,2169.19
2235,4042,2024-06-19,6176.26
2236,4043,2025-07-27,2712.25
2237,4044,2024-04-27,2517.79
2238,4045,2025-05-01,6107.7
2239,4047,2025-04-07,1497.87
2240,4048,2024-06-21,26.85
2241,4050,2025-10-25,1969.47
2242,4052,2025-05-09,3130.51
2243,4053,2025-10-23,804.0
2244,4056,2024-09-07,1788.43
2245,4060,2024-03-12,1971.92
2246,4064,2025-09-01,1561.14
2247,4067,2024-10-19,2559.64
2248,4068,2024-03-08,1344.73
2249,4069,2025-12-20,2563.36
2250,4071,2024-09-02,3959.12
2251,4073,2024-05-31,3228.62
2252,4074,2024-06-07,1233.6
2253,4075,2025-04-02,1317.63
2254,4076,2025-08-24,1128.71
2255,4080,2026-03-06,6022.35
2256,4081,2025-01-28,2382.63
2257,4082,2025-07-15,3005.16
2258,4083,2024-11-22,2153.05
2259,4084,2024-11-14,1362.51
2260,4086,2024-07-07,6420.41
2261,4088,2025-08-25,254.86
2262,4089,2025-09-22,1506.77
2263,4090,2025-06-07,3363.58
2264,4092,2024-12-25,538.56
2265,4093,2024-08-03,2778.41
2266,4097,2025-06-11,1772.74
2267,4098,2025-09-04,623.63
2268,4099,2024-05-08,1420.38
2269,4100,2025-06-30,4971.61
2270,4101,2025-12-29,3821.96
2271,4102,2024-08-03,4884.75
2272,4103,2026-01-27,848.05
2273,4104,2025-12-08,5667.69
2274,4105,2024-08-19,1031.22
2275,4106,2025-02-16,2141.62
2276,4108,2024-07-28,5048.77
2277,4109,2025-05-02,4177.14
2278,4111,2024-10-09,6673.09
2279,4112,2025-03-04,3472.53
2280,4114,2025-12-11,3727.39
2281,4115,2025-10-03,1905.09
2282,4121,2025-03-07,5147.05
2283,4122,2024-11-06,3710.1
2284,4127,2024-05-23,2303.88
2285,4128,2025-08-13,1490.63
2286,4130,2026-01-07,4593.52
2287,4135,2024-10-04,1336.92
2288,4136,2025-05-03,1219.43
2289,4137,2024-05-11,2900.43
2290,4138,2024-06-26,1496.45
2291,4139,2025-05-13,2592.48
2292,4142,2025-09-22,8629.76
2293,4144,2025-08-07,2600.99
2294,4148,2025-03-07,4322.42
2295,4150,2025-01-08,2064.01
2296,4153,2024-04-02,1605.74
2297,4155,2025-04-01,1025.87
2298,4160,2025-07-04,4916.2
2299,4161,2024-05-26,1659.79
2300,4162,2025-06-01,5407.3
2301,4164,2024-05-20,1674.65
2302,4166,2025-01-20,3779.99
2303,4167,2025-05-02,2694.67
2304,4168,2025-11-17,3559.71
2305,4169,2024-06-15,6921.08
2306,4170,2024-12-17,1307.01
2307,4171,2024-12-19,4836.23
2308,4174,2026-02-04,558.19
2309,4176,2024-04-21,2707.16
2310,4177,2025-02-23,2306.97
2311,4178,2024-11-18,4585.68
2312,4180,2025-08-12,731.03
2313,4181,2024-08-31,451.75
2314,4182,2025-03-10,2907.92
2315,4183,2025-06-08,1963.06
2316,4184,2025-09-08,5180.43
2317,4186,2024-05-03,3397.17
2318,4187,2024-10-15,1188.49
2319,4189,2025-11-29,3172.56
2320,4190,2025-01-19,2588.47
2321,4192,2024-12-21,5382.6
2322,4196,2024-05-21,4182.22
2323,4197,2026-02-15,1994.56
2324,4198,2024-02-21,1036.61
2325,4200,2024-04-15,4242.31
2326,4201,2024-08-03,4597.47
2327,4202,2025-03-14,3580.9
2328,4206,2024-06-22,2413.24
2329,4214,2024-07-13,5172.23
2330,4219,2025-12-17,2098.12
2331,4220,2026-01-03,3857.25
2332,4221,2024-07-28,1740.1
2333,4222,2024-10-27,1712.59
2334,4223,2024-12-21,3128.46
2335,4224,2024-06-23,4306.73
2336,4228,2025-07-25,4224.88
2337,4230,2025-10-23,1224.3
2338,4232,2024-12-18,2034.35
2339,4233,2025-09-11,1444.92
2340,4236,2025-10-04,7371.65
2341,4239,2025-02-20,3006.93
2342,4241,2024-02-24,2187.53
2343,4242,2025-12-12,1071.54
2344,4243,2025-01-02,1370.32
2345,4244,2024-08-12,905.79
2346,4245,2025-10-03,4553.12
2347,4246,2024-10-24,3384.78
2348,4247,2024-09-24,3331.71
2349,4250,2025-09-05,4570.65
2350,4252,2024-12-06,1871.45
2351,4254,2025-09-14,1230.66
2352,4255,2024-09-15,3621.47
2353,4256,2025-12-02,1561.69
2354,4258,2024-11-12,5424.32
2355,4259,2024-03-17,3481.8
2356,4260,2025-07-21,3691.8
2357,4262,2024-07-16,7950.8
2358,4263,2024-09-22,3466.86
2359,4266,2024-03-19,5728.01
2360,4267,2024-11-08,1326.41
2361,4268,2024-07-23,1091.17
2362,4271,2024-12-16,3540.85
2363,4273,2024-10-17,4411.41
2364,4279,2024-09-05,2814.7
2365,4280,2024-03-29,1423.48
2366,4281,2025-09-10,1626.77
2367,4283,2025-11-11,1462.54
2368,4284,2024-06-30,6317.09
2369,4285,2025-10-12,3377.09
2370,4286,2025-10-30,3064.19
2371,4287,2025-02-27,2101.68
2372,4288,2025-12-13,4387.96
2373,4290,2025-01-29,2041.46
2374,4293,2024-06-08,337.59
2375,4294,2024-08-18,2500.89
2376,4295,2026-02-20,3312.34
2377,4297,2025-07-10,840.37
2378,4298,2024-03-05,3794.53
2379,4299,2025-08-17,1702.08
2380,4300,2025-01-20,1362.7
2381,4303,2025-01-27,1707.73
2382,4310,2025-08-23,2431.36
2383,4311,2025-05-06,736.67
2384,4312,2024-09-01,3270.31
2385,4315,2025-09-24,1847.31
2386,4317,2025-10-04,3791.68
2387,4320,2025-06-27,4961.84
2388,4321,2025-09-02,2529.92
2389,4323,2024-03-28,5687.1
2390,4324,2025-05-24,1633.26
2391,4325,2024-03-03,3747.7
2392,4326,2024-10-09,6748.07
2393,4327,2024-10-14,1481.49
2394,4330,2025-09-21,765.58
2395,4331,2024-12-07,3053.17
2396,4336,2026-01-09,8058.4
2397,4339,2025-01-18,3531.75
2398,4340,2025-03-23,2728.42
2399,4341,2025-06-24,5008.41
2400,4347,2025-04-05,1822.62
2401,4348,2024-12-25,4329.61
2402,4349,2025-09-16,2865.6
2403,4350,2025-08-24,2383.32
2404,4351,2024-10-26,1659.75
2405,4352,2025-08-25,5189.85
2406,4361,2026-01-08,1501.25
2407,4362,2024-10-25,1642.27
2408,4365,2025-01-27,2513.6
2409,4367,2024-10-29,6281.67
2410,4370,2024-03-15,2487.09
2411,4371,2025-04-04,6223.47
2412,4373,2025-01-25,363.48
2413,4375,2025-07-30,1332.74
2414,4380,2025-12-28,616.03
2415,4381,2024-12-19,394.04
2416,4384,2025-08-05,1248.47
2417,4385,2026-02-03,5299.1
2418,4386,2024-02-17,3602.24
2419,4387,2025-09-02,1715.22
2420,4388,2024-11-15,7120.98
2421,4389,2024-04-28,1638.94
2422,4390,2024-05-21,973.98
2423,4391,2024-05-16,631.15
2424,4393,2025-08-03,5140.26
2425,4395,2026-01-07,3777.43
2426,4397,2026-02-01,1373.21
2427,4398,2024-07-10,7057.65
2428,4399,2025-01-04,6044.17
2429,4401,2024-12-01,1812.84
2430,4404,2025-07-03,2403.8
2431,4405,2025-03-11,980.47
2432,4407,2025-11-02,4467.13
2433,4409,2024-04-23,3166.31
2434,4411,2025-04-15,1678.52
2435,4413,2025-11-14,2722.35
2436,4414,2024-09-25,4329.03
2437,4415,2025-11-07,2282.35
2438,4416,2025-02-27,1162.98
2439,4417,2024-09-10,3762.81
2440,4420,2024-05-16,1377.95
2441,4422,2025-03-16,1895.99
2442,4424,2024-04-26,3994.12
2443,4426,2025-05-31,2633.33
2444,4427,2024-04-10,500.44
2445,4429,2025-06-25,2538.15
2446,4430,2025-01-26,3925.96
2447,4432,2025-01-10,5732.74
2448,4433,2024-05-24,1622.88
2449,4434,2025-04-18,762.7
2450,4436,2024-03-27,2842.9
2451,4437,2025-06-09,2063.66
2452,4438,2025-01-29,1530.91
2453,4440,2026-02-02,5066.85
2454,4444,2026-02-08,2016.22
2455,4445,2024-04-12,4039.69
2456,4446,2024-05-09,2953.05
2457,4449,2024-07-12,243.45
2458,4450,2024-12-26,1113.14
2459,4452,2024-04-21,2481.38
2460,4460,2025-08-15,1679.45
2461,4461,2024-03-30,2225.94
2462,4463,2025-06-10,1826.99
2463,4464,2024-10-10,1027.54
2464,4465,2024-08-02,1581.33
2465,4466,2024-02-06,463.94
2466,4467,2025-12-19,2451.45
2467,4469,2024-09-19,2927.23
2468,4473,2025-06-07,4737.23
2469,4475,2024-12-06,1754.86
2470,4476,2025-03-12,5191.27
2471,4478,2024-11-17,1264.44
2472,4479,2025-07-15,1283.97
2473,4480,2026-01-10,1551.42
2474,4482,2025-05-03,3499.19
2475,4483,2024-05-08,3758.75
2476,4484,2024-04-05,787.01
2477,4488,2025-05-15,3365.39
2478,4489,2024-05-19,2631.63
2479,4491,2025-02-06,2740.01
2480,4492,2025-12-25,6392.26
2481,4496,2025-03-21,848.9
2482,4498,2025-06-02,8890.88
2483,4500,2024-08-16,4091.93
2484,4502,2025-04-05,6948.92
2485,4504,2025-01-08,1260.36
2486,4505,2024-10-19,2473.48
2487,4506,2024-02-26,4378.9
2488,4507,2024-08-07,2062.91
2489,4509,2024-10-22,2002.56
2490,4510,2025-01-02,1944.46
2491,4511,2024-11-22,2633.7
2492,4513,2024-05-18,1682.52
2493,4515,2024-08-17,1073.57
2494,4516,2024-04-11,9766.57
2495,4517,2025-06-09,2386.56
2496,4518,2025-04-09,2463.36
2497,4519,2024-10-31,2164.22
2498,4521,2024-03-24,2430.71
2499,4523,2024-08-27,4843.28
2500,4524,2025-10-06,1865.05
2501,4525,2024-06-02,2313.85
2502,4526,2025-06-13,3046.34
2503,4530,2024-07-23,2048.97
2504,4532,2025-02-14,4308.1
2505,4533,2025-01-01,1156.86
2506,4536,2024-06-30,4104.84
2507,4537,2025-08-15,1418.93
2508,4539,2025-08-04,4260.91
2509,4540,2024-06-23,3632.04
2510,4542,2024-05-10,2087.36
2511,4543,2025-04-18,4064.45
2512,4545,2024-04-28,2344.15
2513,4546,2025-04-05,5101.13
2514,4547,2024-07-29,2359.94
2515,4548,2025-01-10,8040.84
2516,4549,2025-02-02,1874.62
2517,4551,2024-08-25,2911.4
2518,4554,2025-07-24,2095.48
2519,4555,2024-09-16,5270.94
2520,4557,2025-06-21,1980.47
2521,4558,2025-11-16,3444.55
2522,4559,2024-12-04,1045.86
2523,4560,2024-03-16,1092.12
2524,4561,2025-01-24,4994.06
2525,4562,2024-08-13,4320.83
2526,4563,2024-05-29,5285.44
2527,4564,2026-03-09,1076.93
2528,4565,2024-06-28,1600.41
2529,4569,2025-11-04,2468.23
2530,4570,2025-10-16,2744.47
2531,4571,2025-10-17,462.51
2532,4573,2025-12-30,2600.95
2533,4576,2024-02-12,7687.76
2534,4577,2024-08-14,3485.13
2535,4580,2025-06-17,2919.47
2536,4581,2024-12-24,904.87
2537,4584,2024-08-19,1113.34
2538,4590,2025-11-09,5743.15
2539,4592,2024-03-26,3682.66
2540,4595,2025-06-24,1114.19
2541,4596,2024-05-21,2785.87
2542,4599,2024-09-17,4602.52
2543,4600,2025-05-11,915.9
2544,4607,2025-08-03,414.74
2545,4608,2024-02-24,2911.88
2546,4609,2025-12-10,2237.52
2547,4610,2025-01-30,3103.02
2548,4611,2025-02-04,3939.66
2549,4612,2024-03-29,4209.12
2550,4613,2024-12-14,2056.14
2551,4615,2024-09-27,5140.38
2552,4616,2024-03-24,6580.37
2553,4619,2024-03-05,1382.16
2554,4620,2025-12-29,1573.2
2555,4621,2024-12-07,6689.27
2556,4622,2025-10-02,3459.42
2557,4623,2025-05-30,3409.26
2558,4624,2025-01-06,3349.95
2559,4625,2024-10-11,3449.76
2560,4627,2024-05-15,1268.33
2561,4629,2025-04-25,1932.19
2562,4633,2024-06-16,3602.66
2563,4634,2026-01-10,4286.41
2564,4636,2025-09-20,764.62
2565,4637,2025-01-30,1290.64
2566,4638,2025-09-05,2938.64
2567,4639,2024-09-04,5698.71
2568,4641,2024-10-08,3839.36
2569,4646,2025-05-15,3225.56
2570,4648,2025-08-31,4449.31
2571,4649,2025-02-09,6171.35
2572,4650,2025-02-12,470.22
2573,4652,2025-12-15,1559.04
2574,4653,2024-05-22,5609.58
2575,4654,2025-10-12,2547.34
2576,4655,2024-08-06,1610.14
2577,4656,2025-06-27,2816.05
2578,4657,2024-11-05,262.88
2579,4659,2025-08-21,805.56
2580,4661,2025-03-30,5413.27
2581,4663,2025-04-25,4606.91
2582,4665,2024-02-14,2039.39
2583,4666,2024-10-14,3512.16
2584,4667,2024-08-14,1076.06
2585,4671,2024-05-18,2763.36
2586,4672,2024-10-17,6632.9
2587,4673,2024-10-28,1006.45
2588,4675,2024-04-10,2272.8
2589,4676,2025-02-22,2570.29
2590,4677,2025-11-02,1142.62
2591,4678,2026-03-17,1928.89
2592,4679,2025-03-27,2125.09
2593,4683,2025-06-05,3348.38
2594,4684,2025-12-19,661.68
2595,4685,2025-12-24,3385.24
2596,4688,2025-08-25,2934.29
2597,4695,2024-08-13,2535.13
2598,4696,2024-09-01,3413.71
2599,4698,2024-03-28,926.55
2600,4699,2025-02-17,1035.26
2601,4700,2025-01-30,431.6
2602,4701,2026-01-27,2654.11
2603,4704,2024-10-31,677.97
2604,4706,2026-01-06,2246.09
2605,4709,2024-03-18,1913.36
2606,4713,2025-03-01,2528.17
2607,4715,2025-05-30,2405.54
2608,4716,2024-11-01,2445.37
2609,4717,2024-03-18,2068.18
2610,4718,2024-08-21,3864.59
2611,4721,2025-06-15,8060.11
2612,4722,2024-11-19,1342.81
2613,4723,2024-07-03,1881.12
2614,4724,2024-06-11,2755.32
2615,4725,2024-11-19,1568.94
2616,4726,2024-05-28,4006.54
2617,4728,2025-12-08,7628.1
2618,4731,2024-10-10,1233.54
2619,4732,2025-09-19,5168.85
2620,4734,2025-10-17,4001.94
2621,4735,2024-05-10,2802.49
2622,4736,2024-11-17,2344.94
2623,4742,2025-11-20,7604.94
2624,4743,2024-06-06,2689.31
2625,4744,2025-07-21,3400.59
2626,4745,2026-01-10,2062.86
2627,4749,2024-10-15,4622.7
2628,4750,2024-04-26,4207.83
2629,4752,2026-01-12,1553.32
2630,4753,2025-11-17,5490.17
2631,4758,2024-11-29,1738.89
2632,4759,2024-12-14,1471.08
2633,4760,2025-03-25,1405.53
2634,4761,2024-10-05,1422.16
2635,4762,2024-03-18,3263.91
2636,4763,2025-04-28,4502.08
2637,4764,2025-02-19,4631.17
2638,4765,2024-07-24,2160.69
2639,4766,2024-12-04,3365.06
2640,4767,2025-05-07,4694.63
2641,4769,2024-11-24,410.97
2642,4779,2025-01-30,1324.21
2643,4780,2025-01-27,2632.67
2644,4781,2024-12-14,2574.69
2645,4783,2024-10-11,5818.02
2646,4784,2025-07-30,4040.62
2647,4785,2025-02-09,621.66
2648,4786,2025-06-30,2957.47
2649,4787,2024-12-17,834.49
2650,4788,2025-09-29,2444.68
2651,4791,2024-10-08,3397.98
2652,4793,2025-02-27,638.01
2653,4794,2024-11-19,1539.45
2654,4795,2025-08-03,1908.13
2655,4798,2024-05-21,7311.0
2656,4799,2025-12-21,3213.37
2657,4803,2024-06-19,1079.41
2658,4806,2025-03-16,3308.83
2659,4808,2025-12-21,2051.86
2660,4809,2025-02-14,3188.2
2661,4810,2024-07-11,1244.85
2662,4811,2024-04-16,2846.5
2663,4812,2024-03-27,682.91
2664,4813,2024-05-08,4384.41
2665,4814,2024-04-08,5373.8
2666,4818,2024-06-23,7102.32
2667,4824,2025-01-09,1971.19
2668,4827,2025-01-18,3995.4
2669,4828,2025-03-05,1236.76
2670,4829,2024-11-30,7215.53
2671,4830,2025-08-09,651.3
2672,4831,2025-01-10,4090.08
2673,4832,2025-03-22,1515.75
2674,4836,2024-05-02,1548.69
2675,4838,2024-12-31,5707.61
2676,4839,2025-04-14,4126.93
2677,4841,2025-04-01,387.67
2678,4842,2025-05-02,1450.45
2679,4843,2025-08-28,5474.78
2680,4845,2024-06-03,3771.11
2681,4848,2025-07-09,6594.38
2682,4849,2024-04-21,1061.03
2683,4852,2024-06-30,581.79
2684,4854,2025-04-26,11546.69
2685,4856,2024-09-04,1115.86
2686,4858,2026-01-16,2533.0
2687,4861,2025-09-22,4647.1
2688,4862,2024-06-30,2584.36
2689,4863,2025-08-17,5705.8
2690,4865,2024-05-31,1015.86
2691,4866,2024-04-28,1062.49
2692,4867,2026-02-08,4549.48
2693,4868,2024-11-15,4485.68
2694,4869,2024-06-25,3856.11
2695,4870,2025-10-03,4889.5
2696,4878,2025-12-15,1188.82
2697,4879,2024-09-27,4105.41
2698,4880,2024-08-28,1522.99
2699,4882,2025-03-25,1429.27
2700,4887,2024-03-22,1063.54
2701,4888,2024-06-17,1996.39
2702,4889,2024-03-05,1563.04
2703,4890,2024-11-24,742.5
2704,4893,2025-02-16,1230.57
2705,4896,2025-05-31,8554.84
2706,4898,2024-05-13,786.53
2707,4899,2025-07-23,4894.47
2708,4901,2025-12-27,731.03
2709,4903,2024-07-29,3867.49
2710,4905,2025-07-20,2010.58
2711,4907,2025-07-05,2861.59
2712,4908,2024-03-06,4608.67
2713,4912,2024-05-08,7682.83
2714,4913,2024-04-25,2685.68
2715,4915,2024-09-19,3069.45
2716,4916,2025-12-12,3705.69
2717,4918,2024-11-02,6137.2
2718,4919,2025-06-20,5681.46
2719,4920,2025-12-16,5069.0
2720,4922,2026-02-12,361.29
2721,4925,2025-08-23,4464.66
2722,4926,2024-03-19,2317.27
2723,4927,2025-11-14,635.76
2724,4931,2024-07-17,885.77
2725,4933,2025-02-01,2339.45
2726,4935,2025-01-25,3832.96
2727,4937,2025-04-16,1678.13
2728,4939,2025-05-21,4265.19
2729,4940,2024-06-04,3071.43
2730,4941,2025-02-01,944.34
2731,4942,2025-10-24,7555.93
2732,4945,2024-09-30,3924.5
2733,4946,2025-07-31,599.97
2734,4947,2025-08-19,1696.27
2735,4948,2024-12-02,3606.79
2736,4950,2024-10-03,3036.05
2737,4952,2025-05-22,2895.85
2738,4955,2025-11-29,1351.61
2739,4956,2024-07-21,1465.39
2740,4960,2024-07-01,6127.61
2741,4961,2025-06-19,2650.78
2742,4966,2025-08-26,7897.63
2743,4967,2025-04-05,2120.75
2744,4970,2024-09-30,2861.24
2745,4972,2026-02-26,3149.06
2746,4973,2025-12-08,4217.23
2747,4974,2025-07-02,2309.97
2748,4976,2025-09-17,1087.05
2749,4977,2025-11-23,1771.58
2750,4980,2024-10-18,2208.33
2751,4983,2025-12-01,2073.6
2752,4984,2025-10-26,2905.93
2753,4989,2025-02-01,1913.2
2754,4992,2025-11-14,3080.33
2755,4993,2024-09-16,3691.99
2756,4994,2025-10-19,4103.77
2757,4997,2025-09-07,1752.74
2758,4998,2025-01-03,4348.57
2759,4999,2025-09-03,6234.74
2760,5000,2024-11-23,862.33
2761,5002,2025-10-19,3146.19
2762,5003,2024-11-28,2358.41
2763,5005,2025-02-04,3731.68
2764,5006,2024-06-10,6296.71
2765,5007,2025-04-27,1394.08
2766,5009,2024-03-19,4805.35
2767,5011,2024-06-29,1450.31
2768,5014,2024-02-19,2302.39
2769,5015,2024-04-21,2573.73
2770,5017,2024-04-09,1232.81
2771,5019,2024-11-10,1782.72
2772,5020,2025-12-05,1491.03
2773,5021,2024-07-20,2303.45
2774,5022,2024-09-21,961.41
2775,5024,2024-03-28,3285.8
2776,5027,2024-06-10,2416.87
2777,5029,2025-08-09,4427.48
2778,5030,2024-06-18,4244.3
2779,5031,2024-11-05,1374.63
2780,5033,2024-11-11,4112.96
2781,5034,2024-03-11,3405.62
2782,5035,2024-09-28,2372.39
2783,5037,2024-05-29,2063.91
2784,5038,2024-05-03,2211.15
2785,5039,2025-11-17,1461.6
2786,5044,2025-01-30,3515.64
2787,5045,2025-02-16,5548.67
2788,5046,2024-08-08,3114.22
2789,5047,2025-12-08,1762.75
2790,5048,2024-07-03,4402.45
2791,5049,2024-04-01,1900.32
2792,5050,2025-06-14,445.24
2793,5054,2025-09-14,7083.71
2794,5055,2024-09-11,7303.85
2795,5056,2025-02-24,2625.38
2796,5057,2026-01-11,1805.96
2797,5059,2026-01-28,3186.63
2798,5060,2025-04-17,1948.91
2799,5061,2025-08-30,4717.46
2800,5062,2025-10-29,1733.57
2801,5063,2025-04-26,1937.9
2802,5064,2024-06-24,1456.43
2803,5065,2026-02-08,3124.78
2804,5068,2025-09-18,4202.62
2805,5069,2024-03-01,1922.22
2806,5071,2025-03-11,4817.2
2807,5072,2024-11-12,3030.58
2808,5073,2024-06-14,3402.4
2809,5075,2024-03-21,4113.94
2810,5077,2024-06-20,1517.79
2811,5078,2025-06-09,1080.36
2812,5079,2024-07-24,3037.08
2813,5081,2025-04-11,898.98
2814,5082,2025-02-15,4670.56
2815,5083,2025-01-04,3875.18
2816,5084,2024-11-13,4795.69
2817,5085,2025-06-07,3351.77
2818,5087,2024-08-14,1021.98
2819,5088,2024-10-16,4738.16
2820,5089,2025-12-25,1827.54
2821,5094,2025-03-23,1544.63
2822,5097,2024-12-06,3809.37
2823,5098,2025-08-10,1356.99
2824,5099,2025-08-27,2742.42
2825,5100,2025-09-06,1255.87
2826,5101,2024-05-09,516.28
2827,5102,2025-09-30,944.63
2828,5106,2025-06-21,6303.21
2829,5107,2026-01-10,2669.35
2830,5110,2024-05-18,3193.27
2831,5111,2025-04-15,4558.2
2832,5112,2024-07-29,4273.92
2833,5114,2025-02-12,1406.74
2834,5115,2025-01-26,3293.08
2835,5116,2024-11-11,983.4
2836,5117,2025-03-30,3807.13
2837,5118,2025-09-15,4134.92
2838,5119,2025-01-21,3462.13
2839,5121,2024-03-11,316.07
2840,5122,2025-10-05,3321.78
2841,5123,2024-02-29,2115.37
2842,5124,2025-12-31,1956.37
2843,5126,2025-01-02,402.73
2844,5128,2025-01-31,2213.4
2845,5129,2025-11-14,2911.39
2846,5130,2025-10-24,2970.27
2847,5131,2024-11-20,3502.75
2848,5132,2026-03-05,1791.7
2849,5133,2025-01-04,2658.43
2850,5134,2025-03-31,6365.07
2851,5137,2025-02-11,5968.7
2852,5138,2025-09-17,2634.1
2853,5141,2025-12-18,4555.04
2854,5142,2025-09-16,5040.34
2855,5144,2025-08-15,1745.36
2856,5145,2024-09-01,1244.32
2857,5149,2024-07-25,1026.19
2858,5150,2025-01-04,3877.0
2859,5151,2025-10-11,4283.71
2860,5153,2025-09-18,4655.93
2861,5154,2024-03-17,4336.27
2862,5158,2025-03-14,3323.11
2863,5159,2024-10-29,4853.79
2864,5160,2025-06-03,4339.84
2865,5161,2025-04-05,2439.84
2866,5162,2024-11-16,498.84
2867,5164,2025-11-15,1682.12
2868,5168,2025-12-05,2504.49
2869,5169,2025-05-04,1925.03
2870,5170,2026-01-09,2762.31
2871,5171,2025-06-24,4086.42
2872,5173,2024-09-04,2014.69
2873,5174,2024-11-10,2186.55
2874,5175,2024-12-13,1286.71
2875,5176,2025-06-28,2769.42
2876,5180,2025-07-14,1495.18
2877,5181,2025-05-29,1565.07
2878,5185,2025-03-17,1426.01
2879,5186,2024-05-06,3491.93
2880,5187,2024-02-13,2801.16
2881,5190,2025-04-14,1287.73
2882,5192,2024-06-11,2699.19
2883,5194,2024-12-12,1440.23
2884,5195,2024-08-10,2533.94
2885,5198,2025-12-07,897.43
2886,5201,2025-11-30,2346.04
2887,5203,2025-10-04,7188.79
2888,5204,2024-11-18,2001.34
2889,5205,2025-08-22,1299.68
2890,5206,2025-01-18,2253.98
2891,5208,2025-06-22,1935.42
2892,5209,2025-08-02,1362.06
2893,5214,2026-02-15,2250.66
2894,5215,2026-02-01,280.44
2895,5216,2025-05-15,2636.54
2896,5217,2025-07-25,4196.89
2897,5218,2024-09-07,7872.25
2898,5219,2024-04-09,1701.16
2899,5221,2025-10-18,3509.29
2900,5222,2026-01-26,3737.86
2901,5223,2025-11-04,2511.05
2902,5224,2025-10-08,2220.61
2903,5225,2024-02-13,2375.1
2904,5226,2025-01-22,1910.59
2905,5228,2024-07-21,452.23
2906,5229,2024-11-08,792.02
2907,5230,2024-05-03,3299.89
2908,5231,2025-06-03,3707.64
2909,5232,2024-10-11,2042.39
2910,5233,2025-06-12,2547.72
2911,5236,2025-05-02,1310.62
2912,5237,2025-12-26,5638.35
2913,5241,2026-01-08,4451.33
2914,5242,2026-02-17,2631.78
2915,5244,2024-06-15,4836.64
2916,5245,2024-08-15,4821.75
2917,5246,2024-11-24,3009.35
2918,5247,2024-09-22,1520.82
2919,5249,2025-09-29,1245.95
2920,5252,2025-09-08,1234.72
2921,5253,2025-10-30,3087.34
2922,5254,2024-03-16,2154.75
2923,5255,2025-11-18,1341.48
2924,5256,2024-09-27,3888.53
2925,5257,2025-09-18,3388.04
2926,5261,2025-05-04,4037.61
2927,5263,2025-08-03,9480.88
2928,5264,2024-10-10,7370.48
2929,5265,2024-04-08,1564.65
2930,5268,2024-04-21,5849.84
2931,5271,2025-01-04,1298.28
2932,5274,2024-10-05,1788.8
2933,5275,2025-12-02,5947.66
2934,5276,2025-12-06,4280.79
2935,5281,2024-07-30,3978.88
2936,5282,2025-11-25,3500.15
2937,5283,2024-03-01,3069.86
2938,5284,2025-05-23,795.64
2939,5286,2025-07-28,4021.94
2940,5288,2025-07-06,3925.29
2941,5290,2025-11-14,1273.77
2942,5293,2025-03-18,1191.82
2943,5296,2025-07-09,2277.21
2944,5297,2024-03-09,632.73
2945,5298,2025-03-18,1336.14
2946,5299,2024-05-18,2463.33
2947,5300,2024-09-05,3990.58
2948,5301,2025-04-15,2731.24
2949,5303,2025-11-12,3683.36
2950,5304,2024-11-29,6580.06
2951,5305,2024-03-17,4538.57
2952,5306,2024-03-10,1662.19
2953,5307,2025-07-01,3141.05
2954,5308,2024-05-23,436.77
2955,5309,2025-07-24,2894.05
2956,5311,2025-08-12,250.32
2957,5313,2025-07-21,4196.3
2958,5314,2025-05-20,2521.46
2959,5318,2025-12-11,2031.84
2960,5322,2025-08-05,6689.4
2961,5324,2025-01-20,8300.25
2962,5325,2025-08-19,5390.95
2963,5326,2025-12-20,7610.38
2964,5327,2024-10-26,669.53
2965,5328,2025-06-20,1829.34
2966,5331,2025-08-02,449.93
2967,5332,2025-07-05,1292.65
2968,5333,2025-10-30,1071.1
2969,5334,2026-01-18,2221.92
2970,5336,2024-07-19,2933.91
2971,5338,2025-06-01,2382.08
2972,5341,2025-01-10,2660.44
2973,5342,2024-03-14,2012.41
2974,5343,2024-10-25,4594.94
2975,5344,2025-03-15,3700.32
2976,5349,2024-11-25,1862.21
2977,5351,2024-03-20,4015.45
2978,5352,2024-10-09,3247.54
2979,5353,2024-06-11,9322.19
2980,5355,2024-03-04,7484.0
2981,5357,2025-11-28,1551.11
2982,5359,2025-03-19,3235.6
2983,5360,2024-06-19,1985.03
2984,5361,2025-10-18,2292.56
2985,5363,2025-01-17,6277.09
2986,5365,2025-11-10,685.48
2987,5366,2026-01-09,6014.46
2988,5367,2025-05-27,3795.17
2989,5369,2024-02-29,1369.05
2990,5370,2025-01-24,2137.99
2991,5374,2024-08-07,1479.26
2992,5380,2025-01-01,3778.09
2993,5382,2025-12-21,1850.55
2994,5383,2025-01-26,123.85
2995,5384,2026-01-13,2257.71
2996,5385,2024-07-13,3224.61
2997,5386,2025-01-01,2220.92
2998,5387,2024-04-29,2348.01
2999,5388,2025-03-27,1782.85
3000,5390,2025-12-20,3146.28
3001,5391,2025-07-19,4949.71
3002,5392,2025-02-21,1554.42
3003,5393,2025-12-20,1657.55
3004,5394,2025-05-06,7455.88
3005,5397,2025-12-15,1440.11
3006,5399,2024-05-03,1660.25
3007,5402,2025-11-16,1078.91
3008,5403,2024-04-03,4166.28
3009,5404,2025-08-21,4243.73
3010,5405,2024-03-06,2418.02
3011,5406,2025-12-09,2154.72
3012,5407,2024-04-01,1370.94
3013,5408,2025-06-05,1699.73
3014,5409,2025-07-03,1751.44
3015,5410,2026-02-03,2851.82
3016,5411,2025-10-18,3090.04
3017,5412,2025-01-26,3059.41
3018,5413,2025-07-16,1579.96
3019,5414,2024-06-12,4060.58
3020,5416,2026-01-23,1725.19
3021,5418,2025-11-02,5178.25
3022,5422,2026-01-04,7985.25
3023,5423,2024-12-30,1472.23
3024,5425,2024-12-20,6084.36
3025,5426,2024-11-25,3055.22
3026,5427,2025-10-01,2132.9
3027,5428,2024-06-03,1065.91
3028,5429,2025-08-14,1934.84
3029,5430,2025-08-08,1262.8
3030,5431,2026-01-05,2509.72
3031,5433,2025-12-01,2314.17
3032,5434,2024-04-05,2874.05
3033,5436,2024-09-21,4764.3
3034,5438,2024-04-27,3574.92
3035,5439,2025-04-20,7164.51
3036,5441,2024-04-22,768.16
3037,5443,2025-09-13,1360.81
3038,5446,2025-09-18,1118.69
3039,5447,2026-01-11,2608.99
3040,5449,2024-08-07,1536.69
3041,5450,2024-12-24,3930.26
3042,5452,2025-04-30,3986.42
3043,5454,2025-06-14,2071.68
3044,5456,2024-10-07,1034.01
3045,5458,2024-04-23,2132.54
3046,5459,2025-01-04,4662.99
3047,5461,2024-11-05,3205.4
3048,5463,2025-10-15,2673.68
3049,5466,2024-04-01,4574.68
3050,5467,2024-11-19,3059.54
3051,5469,2025-08-03,3220.16
3052,5475,2025-11-02,6736.42
3053,5476,2026-01-27,4436.4
3054,5477,2025-07-31,1251.56
3055,5478,2026-02-26,2066.37
3056,5479,2025-10-11,5701.6
3057,5481,2024-03-22,1521.11
3058,5482,2025-04-02,3458.96
3059,5485,2025-03-24,3996.25
3060,5490,2024-11-07,1599.28
3061,5491,2025-12-07,2896.94
3062,5492,2024-12-18,4440.14
3063,5493,2024-11-06,3230.04
3064,5494,2025-09-12,3601.86
3065,5496,2025-06-26,6288.51
3066,5499,2024-07-20,1163.95
3067,5500,2025-05-28,6178.0
